file,namespace,key,source
ConanSandbox/Content/Mods/UIMod_Hosav/W_SmoothHP.uexp,,1D6D92264027F8C53B50958644F38A80,E
ConanSandbox/Content/Mods/UIMod_Hosav/W_SmoothHP.uexp,,7FC2BAAF4201AC3669E525AB36287933,123
ConanSandbox/Content/Mods/UIMod_Hosav/W_SmoothHP.uexp,,4149766C4519FFF1EA5ACDA0386870CD,N
ConanSandbox/Content/Mods/UIMod_Hosav/W_SmoothHP.uexp,,F6D9AF56478476FDE879B4B5100D664C,98%
ConanSandbox/Content/Mods/UIMod_Hosav/W_SmoothHP.uexp,,F4ACCA6B445FB30FC25DA1B4110F9297,S
ConanSandbox/Content/Mods/UIMod_Hosav/W_SmoothHP.uexp,,9FE66492460C68330C06A7967D077B74,100
ConanSandbox/Content/Mods/UIMod_Hosav/W_SmoothHP.uexp,,74252724499562FC4EA3D1A48582707B,SERVER FPS
ConanSandbox/Content/Mods/UIMod_Hosav/W_SmoothHP.uexp,,B14A5F184BD7FC915921788590029178,Medium / 1231 / 65% 
ConanSandbox/Content/Mods/UIMod_Hosav/W_SmoothHP.uexp,,49CB086043ACFDCD40FDD88ED52DE3C0,Health reduced by 22 (11%)
ConanSandbox/Content/Mods/UIMod_Hosav/W_SmoothHP.uexp,,6FD4D2404474AA5B3433DB99CDCFCFAA,123 / 32% /  109 Total
ConanSandbox/Content/Mods/UIMod_Hosav/W_SmoothHP.uexp,,11D6852E4956DC8C0AF0378A37426078,45% ( 20 : 39 )
ConanSandbox/Content/Mods/UIMod_Hosav/W_SmoothHP.uexp,,E095F6EB42F32A3115D2D78841B85FB6,"30,500 / 56400"
ConanSandbox/Content/Mods/UIMod_Hosav/W_SmoothHP.uexp,,D841CB1F492E3052F60EF1B97311D829,838 / 1933
ConanSandbox/Content/Mods/UIMod_Hosav/W_SmoothHP.uexp,,756EED2F4152847756533C9DC943E8D4,320 ms 
ConanSandbox/Content/Mods/UIMod_Hosav/W_SmoothHP.uexp,,7BAA2318428C4C25D5F67496ACD3A7E1,18
ConanSandbox/Content/Mods/UIMod_Hosav/W_SmoothHP.uexp,,618E8BA74D82728AC46336A5792CD980,60
ConanSandbox/Content/Mods/UIMod_Hosav/W_SmoothHP.uexp,,4E67E41C4339ACEEAE35C4B4C88D5855,838 / 933
ConanSandbox/Content/Mods/UIMod_Hosav/W_SmoothHP.uexp,,7AE7025B4D60CA8EDD8EF49B91D5D446,32*F / 11* C
ConanSandbox/Content/Mods/UIMod_Hosav/W_SmoothHP.uexp,,05B3FA89483920A3DA7B5085B6D16D15,19:01
ConanSandbox/Content/Mods/UIMod_Hosav/W_SmoothHP.uexp,,11D6852E4956DC8C0AF0378A37426078,45% ( 20 : 39 )
ConanSandbox/Content/Mods/UIMod_Hosav/W_SmoothHP.uexp,,3AC85AFA4D1CC07440C4C89A7E375EE2,45 / 100 (45%)
ConanSandbox/Content/Mods/UIMod_Hosav/W_SmoothHP.uexp,,89BBD7F143710BB63038D3B3EDBD2C88,W
ConanSandbox/Content/Mods/UIMod_Hosav/W_SmoothHP_Horse.uexp,,920A4FD3485898B15269B991EA5FA492,20
ConanSandbox/Content/Mods/UIMod_Hosav/W_SmoothHP_Horse.uexp,,F2BAE20946DA2A5CD18C27A4859A8FEB,838 / 933
ConanSandbox/Content/Mods/UIMod_Hosav/W_SmoothHP_Horse.uexp,,6BDA16D344AC8B81252BF3B5029CC24E,838 / 933
ConanSandbox/Content/Mods/UIMod_Hosav/W_UI_ClanMate_HealthAndStamina.uexp,,A9C4743141A3C3154BDC509251646343,UNAVAILABLE
ConanSandbox/Content/Mods/UIMod_Hosav/W_UI_ClanMate_HealthAndStamina.uexp,,DA1810264950DE81E8346AB4007DDD83,Stormy
ConanSandbox/Content/Mods/UIMod_Hosav/W_UI_ClanMate_HealthAndStamina.uexp,,BA75424747B63E116678DCA7D33469A5,Remove
ConanSandbox/Content/Mods/UIMod_Hosav/W_UI_SettingsButton.uexp,,476184294DE48E8EFDBDF2850BEEF4BF,UI Settings
ConanSandbox/Content/Mods/UIMod_Hosav/W_UI_TimeIndicator.uexp,,2D844A584DC6FFFF487C15B5B5C8C98B,19:01
ConanSandbox/Content/Mods/UIMod_Hosav/AoC/E_AoC_Faction_UI.uexp,,340AE6644BDD16BF5CC89BB2BF10713C,None
ConanSandbox/Content/Mods/UIMod_Hosav/AoC/E_AoC_Faction_UI.uexp,,DE74679D4BF95FF91FE517A29A8B5CC9,ColdEmbrace
ConanSandbox/Content/Mods/UIMod_Hosav/AoC/E_AoC_Faction_UI.uexp,,9523A06341BF9DB5CA064AB2D16E6EA9,ElvenCovenant
ConanSandbox/Content/Mods/UIMod_Hosav/AoC/E_AoC_Faction_UI.uexp,,C59FCE0F46BFCF6FBF75DC8DC9DC85A4,Felgarth
ConanSandbox/Content/Mods/UIMod_Hosav/AoC/E_AoC_Faction_UI.uexp,,3E050B88444AA37F57FA328DC52EDE47,Stormhold
ConanSandbox/Content/Mods/UIMod_Hosav/AoC/E_AoC_Faction_UI.uexp,,E18255E749B93712D83259A24FEC5F83,Elvanor
ConanSandbox/Content/Mods/UIMod_Hosav/AoC/E_AoC_Faction_UI.uexp,,ACF02D9F4D3FD7BAF95147BD0BC3FA08,Vanghoul
ConanSandbox/Content/Mods/UIMod_Hosav/BuffSolutions/AoC/AC_Buff_StoreVariables.uexp,,1DDA4FCB4EEF2D50DC23C79AE4F34C77,StoreStuff
ConanSandbox/Content/Mods/UIMod_Hosav/BuffSolutions/NewBuff_UI/W_HUD_BuffEntry_NewUI.uexp,,1EA0F89F483056314A3AE18B90D826F8,Crippled
ConanSandbox/Content/Mods/UIMod_Hosav/CustomHUD_Elements/InHUD_Healthbar/W_EnemyHealthbar_InHUD.uexp,,AA0C4E29413820C972C645A7DD99B90C,89000/600000
ConanSandbox/Content/Mods/UIMod_Hosav/CustomHUD_Elements/InHUD_Healthbar/W_EnemyHealthbar_InHUD.uexp,,787E983443872975F4194EAE3B54471A,102
ConanSandbox/Content/Mods/UIMod_Hosav/CustomHUD_Elements/InHUD_Healthbar/W_EnemyHealthbar_InHUD.uexp,,93D2598244786861BAE173A4435F3E74,80%
ConanSandbox/Content/Mods/UIMod_Hosav/Enums/E_TemperatureType.uexp,,DF93F7414211121F3D14098CB627E40A,FuncomDefault
ConanSandbox/Content/Mods/UIMod_Hosav/Enums/E_TemperatureType.uexp,,076DCCCE4CC8A30928C6ADBC2C3A0E71,Imperial
ConanSandbox/Content/Mods/UIMod_Hosav/Enums/E_TemperatureType.uexp,,7E4F8CB948C8364851F68C928565D3A6,Metric
ConanSandbox/Content/Mods/UIMod_Hosav/Kill_XP/W_DamageShown.uexp,,B4AB0B3D4CB753DA966DA8AE984B4E48,Dealt 54 Damage to Hyrkanian Archer
ConanSandbox/Content/Mods/UIMod_Hosav/Kill_XP/W_DamageShown_Log.uexp,,548278CE44E43C3217B52D8FAABD1941,Dealt 54 Damage to Hyrkanian Archer
ConanSandbox/Content/Mods/UIMod_Hosav/Kill_XP/W_DamageShown_Thralls.uexp,,5A89CFEF4A0B41C6C15AB7830EE44885,Dealt 54 Damage to Hyrkanian Archer
ConanSandbox/Content/Mods/UIMod_Hosav/Kill_XP/W_Kill_xp.uexp,,81F7337741C30701E58502A5421F9C16,5500 XP
ConanSandbox/Content/Mods/UIMod_Hosav/Kill_XP/W_Kill_xp.uexp,,658136B844FC257B05949191FFA7E74F,Undead Warrior
ConanSandbox/Content/Mods/UIMod_Hosav/Menu_ServerInfo/W_MenuExtrastuff.uexp,,E87C9E4C4CE25547D706998207599D75,"Server Name : 

Server IP :

Server Time : 

Local Time :"
ConanSandbox/Content/Mods/UIMod_Hosav/Menu_ServerInfo/W_MenuExtrastuff.uexp,,53CB8C75420C18F5C644EFACF64C83D4,Disabled In Trial
ConanSandbox/Content/Mods/UIMod_Hosav/Minimap_Elements/W_LocalTime.uexp,,6FDAFC3D4B454486D87C92BC801AC17D, 19:01 
ConanSandbox/Content/Mods/UIMod_Hosav/New_Float_Dmg/W_FloatDamage.uexp,,506FEC9A4DDF58FE65A68E9BB5CB356D,9999
ConanSandbox/Content/Mods/UIMod_Hosav/PartySystem/W_PartySide_ThingPotato.uexp,,72B3BDF3426E2018CEBFB0B009046383,Party Manager
ConanSandbox/Content/Mods/UIMod_Hosav/PartySystem/W_PartySide_ThingPotato.uexp,,9DB2753949D39BCBD8C791B96BD2FFFB,Player Party
ConanSandbox/Content/Mods/UIMod_Hosav/PartySystem/W_PartySide_ThingPotato.uexp,,2363F1EF40C1659006BCA0B0C95D90F3,Hosav's UI  Party Manager
ConanSandbox/Content/Mods/UIMod_Hosav/PartySystem/W_PartySide_ThingPotato.uexp,,48F3767C41AF5D8D4D912A8D71E4533B,Disband Follower Party
ConanSandbox/Content/Mods/UIMod_Hosav/PartySystem/W_PartySide_ThingPotato.uexp,,A51619E940DF649E330EE79C9F579060,Admin : All players can invite players outside of clan
ConanSandbox/Content/Mods/UIMod_Hosav/PartySystem/W_PartySide_ThingPotato.uexp,,2D6537A948A1EB0BDFE53E81CF46A3F4,Personal : Can be invited to party
ConanSandbox/Content/Mods/UIMod_Hosav/PartySystem/W_PartySide_ThingPotato.uexp,,41D4F946452A3842CAADD083583F2656,Leave Player Party
ConanSandbox/Content/Mods/UIMod_Hosav/PartySystem/W_PartySide_ThingPotato.uexp,,053A80D148E5B8BA95DA03A89EB2DF96,Personal : Players outside of clan can invite you
ConanSandbox/Content/Mods/UIMod_Hosav/PartySystem/W_PartySide_ThingPotato.uexp,,D1CE36594E344BFD60574EA64ECAF27A,Follower Party
ConanSandbox/Content/Mods/UIMod_Hosav/SavageWilds/DT_MapData.uexp,,8582B6A442C92C896CD096A02E2396BE,DevMap
ConanSandbox/Content/Mods/UIMod_Hosav/SaveUISettings/E_TextFont_UI.uexp,,20AD5FFC40C6D5ACD04F2DABBA47635B,Small
ConanSandbox/Content/Mods/UIMod_Hosav/SaveUISettings/E_TextFont_UI.uexp,,4BD07138451E84F235CE6C931C5DD13C,Medium
ConanSandbox/Content/Mods/UIMod_Hosav/SaveUISettings/E_TextFont_UI.uexp,,0D6BB3BD49D7628698606BA2B363677B,Large
ConanSandbox/Content/Mods/UIMod_Hosav/SaveUISettings/E_UI_Placement.uexp,,9115EA654D4A1A9E0C13B582DF2017C3,Top
ConanSandbox/Content/Mods/UIMod_Hosav/SaveUISettings/E_UI_Placement.uexp,,C02C013D4F59C03A0954C68B758D869F,Middle
ConanSandbox/Content/Mods/UIMod_Hosav/SaveUISettings/E_UI_Placement.uexp,,27A66D95427FADDB20D2C1AE62450C3B,Bottom
ConanSandbox/Content/Mods/UIMod_Hosav/SUPERUI_Backup_ForFuckups/Old.uexp,,96EA53D54607F49A731850971ED88598,Medium / 1231 / 65% 
ConanSandbox/Content/Mods/UIMod_Hosav/SUPERUI_Backup_ForFuckups/Old.uexp,,072BAC9B4BA3659C0C4DFBA55B4B654B,123
ConanSandbox/Content/Mods/UIMod_Hosav/SUPERUI_Backup_ForFuckups/Old.uexp,,65B60D5D40D95A6F3763BDBDEDE272D9,98%
ConanSandbox/Content/Mods/UIMod_Hosav/SUPERUI_Backup_ForFuckups/Old.uexp,,C0042D9A4106A5494CD7BBB7F4662E6C,Health reduced by 22 (11%)
ConanSandbox/Content/Mods/UIMod_Hosav/SUPERUI_Backup_ForFuckups/Old.uexp,,A317607149032716FA81AABF8A5B8433,123 / 32% /  109 Total
ConanSandbox/Content/Mods/UIMod_Hosav/SUPERUI_Backup_ForFuckups/Old.uexp,,03A6C75E44949BCC3CFF9F9B9F4A6573,45% ( 20 : 39 )
ConanSandbox/Content/Mods/UIMod_Hosav/SUPERUI_Backup_ForFuckups/Old.uexp,,0C7190274091871AC8062A968568B9B3,"30,500 / 56400"
ConanSandbox/Content/Mods/UIMod_Hosav/SUPERUI_Backup_ForFuckups/Old.uexp,,F17864544CC55B2C93A51BBB1360F0A7,838 / 933
ConanSandbox/Content/Mods/UIMod_Hosav/SUPERUI_Backup_ForFuckups/Old.uexp,,66183B6B4F68EA9ECEAD0BAA4291702A,838 / 933
ConanSandbox/Content/Mods/UIMod_Hosav/SUPERUI_Backup_ForFuckups/Old.uexp,,8E09474B4A688852EA5A60B87FF918ED,32*F / 11* C
ConanSandbox/Content/Mods/UIMod_Hosav/SUPERUI_Backup_ForFuckups/Old.uexp,,3150DB134511CA9C616D03B5DAABA548,45% ( 20 : 39 )
ConanSandbox/Content/Mods/UIMod_Hosav/SUPERUI_Backup_ForFuckups/Old.uexp,,851DC7C8439454FAC8FBEBAF6A2897E9,45 / 100 (45%)
ConanSandbox/Content/Mods/UIMod_Hosav/SUPERUI_Backup_ForFuckups/W_SmoothHP.uexp,,0676596044E7B4EEE3F1DE9428E41B08,123
ConanSandbox/Content/Mods/UIMod_Hosav/SUPERUI_Backup_ForFuckups/W_SmoothHP.uexp,,49721FDA4D7B3F5C7EF29A9EF0D281C8,98%
ConanSandbox/Content/Mods/UIMod_Hosav/SUPERUI_Backup_ForFuckups/W_SmoothHP.uexp,,0E2C2F2F4496F689B7E5A299666340CE,19:01
ConanSandbox/Content/Mods/UIMod_Hosav/SUPERUI_Backup_ForFuckups/W_SmoothHP.uexp,,6F366EAA40FBF74C2088F29B739F0EA8,FPS
ConanSandbox/Content/Mods/UIMod_Hosav/SUPERUI_Backup_ForFuckups/W_SmoothHP.uexp,,D0622C354D1219B2031552A8BB9C2E09,Medium / 1231 / 65% 
ConanSandbox/Content/Mods/UIMod_Hosav/SUPERUI_Backup_ForFuckups/W_SmoothHP.uexp,,D463C0C84CDEDEBBE14564AE3DB80D66,Health reduced by 22 (11%)
ConanSandbox/Content/Mods/UIMod_Hosav/SUPERUI_Backup_ForFuckups/W_SmoothHP.uexp,,F40599B14E4058B6A5916D90A519FD5F,123 / 32% /  109 Total
ConanSandbox/Content/Mods/UIMod_Hosav/SUPERUI_Backup_ForFuckups/W_SmoothHP.uexp,,2ECE63AC4134042AD2AA0C9AFD5CB291,45% ( 20 : 39 )
ConanSandbox/Content/Mods/UIMod_Hosav/SUPERUI_Backup_ForFuckups/W_SmoothHP.uexp,,D69C672C420B90D645BA62B6B8BB3FC4,"30,500 / 56400"
ConanSandbox/Content/Mods/UIMod_Hosav/SUPERUI_Backup_ForFuckups/W_SmoothHP.uexp,,D0D707B34F0BA6F31DF3F6B13AFA21FA,838 / 933
ConanSandbox/Content/Mods/UIMod_Hosav/SUPERUI_Backup_ForFuckups/W_SmoothHP.uexp,,DBBEF05D4D3FE3C69CA80BAEED0E40E4,32 ms 
ConanSandbox/Content/Mods/UIMod_Hosav/SUPERUI_Backup_ForFuckups/W_SmoothHP.uexp,,9DF851E34DC7E84D2DA55BAA355E60FD,1/10
ConanSandbox/Content/Mods/UIMod_Hosav/SUPERUI_Backup_ForFuckups/W_SmoothHP.uexp,,ECBED7C24DFCAD1BE9C48DBECA38ADCA,30
ConanSandbox/Content/Mods/UIMod_Hosav/SUPERUI_Backup_ForFuckups/W_SmoothHP.uexp,,7F0A723C4A5666D493498DB0841DE7BD,838 / 933
ConanSandbox/Content/Mods/UIMod_Hosav/SUPERUI_Backup_ForFuckups/W_SmoothHP.uexp,,D95DEBD24A472AC24AF773AB328BF323,32*F / 11* C
ConanSandbox/Content/Mods/UIMod_Hosav/SUPERUI_Backup_ForFuckups/W_SmoothHP.uexp,,20E63F794F0BCA6C973B849F7B07BC42,45% ( 20 : 39 )
ConanSandbox/Content/Mods/UIMod_Hosav/SUPERUI_Backup_ForFuckups/W_SmoothHP.uexp,,964C17904DCAE95B9FCCCC9EE221E0D4,45 / 100 (45%)
ConanSandbox/Content/Mods/UIMod_Hosav/SUPERUI_Backup_ForFuckups/W_SmoothHP_Horse.uexp,,BD1234524F8CCBBF20F280825E30A9EF,20
ConanSandbox/Content/Mods/UIMod_Hosav/SUPERUI_Backup_ForFuckups/W_SmoothHP_Horse.uexp,,338278FE4F47A242FF24D89E02358D5A,838 / 933
ConanSandbox/Content/Mods/UIMod_Hosav/SUPERUI_Backup_ForFuckups/W_SmoothHP_Horse.uexp,,F52AF2464F0E0106F284E69053BBBAD3,838 / 933
ConanSandbox/Content/Mods/UIMod_Hosav/TempActor/DT_FeatTable_TempTest.uexp,,DE1EFCCF467D5E714E3C0E95A8611E36,Cold Embrace
ConanSandbox/Content/Mods/UIMod_Hosav/UI/W_EnemyHealthbar_Test.uexp,,6BF50E0B4CDAECB3CBF9729F5D73A84A,89000/600000
ConanSandbox/Content/Mods/UIMod_Hosav/UI/W_EnemyHealthbar_Test.uexp,,87389A6A4518FEDFEEC28CAD1B3C9AF7,102
ConanSandbox/Content/Mods/UIMod_Hosav/UI/W_Modlist.uexp,,B2FB4A3B4A4AD71A117F0DA9183E940D,Modname
ConanSandbox/Content/Mods/UIMod_Hosav/UI/W_Modlist.uexp,,DF6FFB314CB82DF16191D791DD02329D,Modname2
ConanSandbox/Content/Mods/UIMod_Hosav/UI/W_Modtext.uexp,,A57D4508497BB40E039DE2ADC2B7B7BE,Modname
ConanSandbox/Content/Mods/UIMod_Hosav/UI/W_NewEnemyHealth.uexp,,7FAB065F453172C4F64D3683CE9BD971,20
ConanSandbox/Content/Mods/UIMod_Hosav/UI/W_NewEnemyHealth.uexp,,6C7F0808474D60910B7AEC9FA105D7AA,838 / 933
ConanSandbox/Content/Mods/UIMod_Hosav/UI/W_NewEnemyHealth.uexp,,ABBC585645F454FFA17503A34C7F51EA,838 / 933
ConanSandbox/Content/Mods/UIMod_Hosav/UI_Exported/W_ExampleWidget_User.uexp,,4161E15B45DC354F71B0A689AD6AAA8D,X
ConanSandbox/Content/Mods/UIMod_Hosav/UI_Exported/W_ExampleWidget_User.uexp,,DAE47C8B43579B6A66EA4286D23EA4EF,Y
ConanSandbox/Content/Mods/UIMod_Hosav/UI_Exported/W_ExampleWidget_User.uexp,,4161E15B45DC354F71B0A689AD6AAA8D,X
ConanSandbox/Content/Mods/UIMod_Hosav/UI_Exported/W_ExampleWidget_User.uexp,,DAE47C8B43579B6A66EA4286D23EA4EF,Y
ConanSandbox/Content/Mods/UIMod_Hosav/UI_Exported/W_ExampleWidget_User.uexp,,102F3B81412D98C18DAE85AA5982FA3F,"No longer supported, I recommend checking out Xevyr's Minimap"
ConanSandbox/Content/Mods/UIMod_Hosav/UI_Exported/W_ExampleWidget_User.uexp,,6F9C1A324641B6E8C2CACF9EF7E82989,Hosav's UI Settings
ConanSandbox/Content/Mods/UIMod_Hosav/UI_Exported/W_ExampleWidget_User.uexp,,F11306E04C61093FF06228B857B1A101,Healthbar Settings
ConanSandbox/Content/Mods/UIMod_Hosav/UI_Exported/W_ExampleWidget_User.uexp,,61B6AD544A7BA49ED83694A39C99BD77,Staminabar Custom Color
ConanSandbox/Content/Mods/UIMod_Hosav/UI_Exported/W_ExampleWidget_User.uexp,,D3262D2840F870D8EB8C22B3E3612C01," - If the server is PVE, this can be enabled to see nearby players stamina."
ConanSandbox/Content/Mods/UIMod_Hosav/UI_Exported/W_ExampleWidget_User.uexp,,F4B94E8542459F4FA2EC9DBA09D1DF0A, - Replaces the vanilla target healthbar with my custom version which you can change the looks of with below settings
ConanSandbox/Content/Mods/UIMod_Hosav/UI_Exported/W_ExampleWidget_User.uexp,,C929F4A5486A837795C60FBC4B58E5F0, - Shows player and thrall party when you have invited or been invited to one.
ConanSandbox/Content/Mods/UIMod_Hosav/UI_Exported/W_ExampleWidget_User.uexp,,27799A0A443E40226EC790A30CD72B5B, - Change what buff information to show/hide
ConanSandbox/Content/Mods/UIMod_Hosav/UI_Exported/W_ExampleWidget_User.uexp,,62ED21644924B79268AF15A0D9F6EC21, - Other settings for the UI that is not neccessarily connected to the custom UI (like the hotbar)
ConanSandbox/Content/Mods/UIMod_Hosav/UI_Exported/W_ExampleWidget_User.uexp,,CD4FAB6942925777A77F709F9A31766B," - Instead of the vanilla HUD, you can use my custom UI with loads of customisable options below"
ConanSandbox/Content/Mods/UIMod_Hosav/UI_Exported/W_ExampleWidget_User.uexp,,3E10DBDB417167E694E0B3B4EE473852, - An always accurate display of damage the enemy/ally has taken in their healthbar.
ConanSandbox/Content/Mods/UIMod_Hosav/UI_Exported/W_ExampleWidget_User.uexp,,3BF448B94C5E47B88DA241BB0CFE01BB, - more options for the custom UI to customize what elements you want to have enabled or change. 
ConanSandbox/Content/Mods/UIMod_Hosav/UI_Exported/W_ExampleWidget_User.uexp,,5122D59D4A23CA02CABCF18F0F4AB2EB," - Shows a compass in my custom UI that shows N, W, E and S and which direction the player is facing"
ConanSandbox/Content/Mods/UIMod_Hosav/UI_Exported/W_ExampleWidget_User.uexp,,66ABDCE24F130B858042D29A23C305A7,- Will disable all the IQoL UI Elements on your in-game HUD
ConanSandbox/Content/Mods/UIMod_Hosav/UI_Exported/W_ExampleWidget_User.uexp,,3EE05D1648288882307D99A057EA9B06,Combat Settings
ConanSandbox/Content/Mods/UIMod_Hosav/UI_Exported/W_ExampleWidget_User.uexp,,E0AF3F5842DC27E1E0F39C82168F9553,- Will make your hotbar invisible unless you are in your inventory
ConanSandbox/Content/Mods/UIMod_Hosav/UI_Exported/W_ExampleWidget_User.uexp,,7291F5D940167C0904AACDBE0B8CF6C2," - When crafting, will show how many seconds are left before the item is finished crafting (CURRENTLY DISABLED TO INVESTIGATE AN ISSUE)"
ConanSandbox/Content/Mods/UIMod_Hosav/UI_Exported/W_ExampleWidget_User.uexp,,3F3D9627446D9304A34F9AAD5A3411B1,- Set the size of your hotbar
ConanSandbox/Content/Mods/UIMod_Hosav/UI_Exported/W_ExampleWidget_User.uexp,,5AE1EF2A4E47B11C21EACA90D2569F9C," - Will move the HUD down just above the hotbar by default, if hotbar only in inventory is enabled, the HUD will move even further down."
ConanSandbox/Content/Mods/UIMod_Hosav/UI_Exported/W_ExampleWidget_User.uexp,,9C70000D429918D5E71F61B1B4ECDFF4," - If you want a visible black background for your HUD so it is easier to see, you can increase the opacity."
ConanSandbox/Content/Mods/UIMod_Hosav/UI_Exported/W_ExampleWidget_User.uexp,,B405B899493C592D4D402081EE1FB9F6," - Show Server FPS, current player amount and your Ping to the server"
ConanSandbox/Content/Mods/UIMod_Hosav/UI_Exported/W_ExampleWidget_User.uexp,,6640146945E801FCA82EA48E988E8FCC, - Show in-game time
ConanSandbox/Content/Mods/UIMod_Hosav/UI_Exported/W_ExampleWidget_User.uexp,,0E58F01146ABDB83A9E4FEBE3DCB176C," - If you have AoC, having this enabled will show your faction icon just below your level bar"
ConanSandbox/Content/Mods/UIMod_Hosav/UI_Exported/W_ExampleWidget_User.uexp,,85D1C021465E0B01BF8BF7AF879C694A," - Show what armor type you have, how much armor and the % damage reduction"
ConanSandbox/Content/Mods/UIMod_Hosav/UI_Exported/W_ExampleWidget_User.uexp,,B9354AAE41DB4377C32F8AA6E882948C," - Show weapon damage, armor penetration and total damage after calculating your stats"
ConanSandbox/Content/Mods/UIMod_Hosav/UI_Exported/W_ExampleWidget_User.uexp,,1FF30B2C482F3496157D5586E8270072,Custom Personal UI
ConanSandbox/Content/Mods/UIMod_Hosav/UI_Exported/W_ExampleWidget_User.uexp,,A81EFCE146FFE5719423FAA4154EEC04, - Show temperature in Temperature type set above
ConanSandbox/Content/Mods/UIMod_Hosav/UI_Exported/W_ExampleWidget_User.uexp,,550CA09A4D2AA03DB22D6CB956610C92, - Show how much weight you have right now out of the max and how many % encumbered you are.
ConanSandbox/Content/Mods/UIMod_Hosav/UI_Exported/W_ExampleWidget_User.uexp,,DD545808465EFA303B7FC9A839A25832, - Show how much food you have and how much time is left until it runs out
ConanSandbox/Content/Mods/UIMod_Hosav/UI_Exported/W_ExampleWidget_User.uexp,,F6C9FA014BDB5A3FBB22CCA262DE2D7B, - Show how much water you have and how much time is left until it runs out
ConanSandbox/Content/Mods/UIMod_Hosav/UI_Exported/W_ExampleWidget_User.uexp,,3ED06C98405C0728FA02D88353C008B9," - Set the font size of water, food, armor info etc in the HUD"
ConanSandbox/Content/Mods/UIMod_Hosav/UI_Exported/W_ExampleWidget_User.uexp,,3E6ADBD040B3ACF5E30B62AFDE6A43DA, - Show how much health is reduced (more accurate than vanilla) from corruption
ConanSandbox/Content/Mods/UIMod_Hosav/UI_Exported/W_ExampleWidget_User.uexp,,F8C60F8641F7688229E32784534CA9E4, - Setup what will show up when targeting someone
ConanSandbox/Content/Mods/UIMod_Hosav/UI_Exported/W_ExampleWidget_User.uexp,,C3BFFA6C4DCC0B282B93528747CBAD9C, - Disabling this will disable any healthbars showing up in combat
ConanSandbox/Content/Mods/UIMod_Hosav/UI_Exported/W_ExampleWidget_User.uexp,,25C860354A532FC5C89D24898CED04D2, - If you want to remove the Bazaar button from the tab screen in your inventory etc. Not all of us even wanna see that.
ConanSandbox/Content/Mods/UIMod_Hosav/UI_Exported/W_ExampleWidget_User.uexp,,D8286D394BFEDCD757C40D9B186F21F2, - Show how much Shelter you have with a progress bar and percentage.
ConanSandbox/Content/Mods/UIMod_Hosav/UI_Exported/W_ExampleWidget_User.uexp,,6094289145A7FBD45A2DA6BB1A2E90DC,Custom Target UI
ConanSandbox/Content/Mods/UIMod_Hosav/UI_Exported/W_ExampleWidget_User.uexp,,87A128424919CCFAF07BB5BC759A0CAA, - Set the color of the same text as mentioned above and their respective icons 
ConanSandbox/Content/Mods/UIMod_Hosav/UI_Exported/W_ExampleWidget_User.uexp,,5314330E40015D815A637B91CB60A61A,Kill XP Feedback
ConanSandbox/Content/Mods/UIMod_Hosav/UI_Exported/W_ExampleWidget_User.uexp,,F750D50443125E1F464385A693F1579F,- Will show amount of experience you get when you kill someone or something.
ConanSandbox/Content/Mods/UIMod_Hosav/UI_Exported/W_ExampleWidget_User.uexp,,39EF59A546CAEB43EC0691A8990682A5,Kill XP Feedback Background
ConanSandbox/Content/Mods/UIMod_Hosav/UI_Exported/W_ExampleWidget_User.uexp,,880FA5034BA9A90558B637ACF1602A66,- Will show or hide the blood background for XP Feedback
ConanSandbox/Content/Mods/UIMod_Hosav/UI_Exported/W_ExampleWidget_User.uexp,,4D1289FA431AE1B708CD51818DCFE517,Kill XP Feedback Names
ConanSandbox/Content/Mods/UIMod_Hosav/UI_Exported/W_ExampleWidget_User.uexp,,09EC9C86458DA9AEEDB7F4BBD3915765,- Will show or hide the name of the killed enemy for XP Feedback
ConanSandbox/Content/Mods/UIMod_Hosav/UI_Exported/W_ExampleWidget_User.uexp,,9045538C4DBCB145785C63BA3AF2E9DD,Kill XP Feedback Amount
ConanSandbox/Content/Mods/UIMod_Hosav/UI_Exported/W_ExampleWidget_User.uexp,,F980A1794570C00AD7E10C957514891C,- Will show or hide the amount of XP for the XP Feedback
ConanSandbox/Content/Mods/UIMod_Hosav/UI_Exported/W_ExampleWidget_User.uexp,,351D4ADF4049F778DF537D9365ED6BA4,Kill XP Feedback Sound
ConanSandbox/Content/Mods/UIMod_Hosav/UI_Exported/W_ExampleWidget_User.uexp,,FCCBB2C44FCCB56313A80383B7A625D6,Stamina Color Picker
ConanSandbox/Content/Mods/UIMod_Hosav/UI_Exported/W_ExampleWidget_User.uexp,,E52A771B4D88475293BB0B9EC12E35F9,- Will enable or disable a low volume sound when the XP feedback shows up.
ConanSandbox/Content/Mods/UIMod_Hosav/UI_Exported/W_ExampleWidget_User.uexp,,87CA810C49D13BC2EB402B935040323B,Damage Indicator Icons
ConanSandbox/Content/Mods/UIMod_Hosav/UI_Exported/W_ExampleWidget_User.uexp,,0C1D62BF49C7526A19CC5AA63744ED20, - Enables or Disables Icons for the Damage Indicator
ConanSandbox/Content/Mods/UIMod_Hosav/UI_Exported/W_ExampleWidget_User.uexp,,DDA373994736BEE228E952AABCB1BF07,Simplistic Damage Indicator
ConanSandbox/Content/Mods/UIMod_Hosav/UI_Exported/W_ExampleWidget_User.uexp,,3695228E4AFCCA84701188828B0DF517, - With Simplistic Enabled you will only see how much damage you dealt. With it off you will see who you damaged as well.
ConanSandbox/Content/Mods/UIMod_Hosav/UI_Exported/W_ExampleWidget_User.uexp,,1767CCAA4B7529B2CB11768807A3A226,Damage Indicator for Follower (Left)
ConanSandbox/Content/Mods/UIMod_Hosav/UI_Exported/W_ExampleWidget_User.uexp,,38E10F4749AC9DAF893E019F164E40D9, - Shows MMO Type Damage Indicator that pops up on the screen as your thrall does damage. 
ConanSandbox/Content/Mods/UIMod_Hosav/UI_Exported/W_ExampleWidget_User.uexp,,D293D9DF4ADAEF64EF997084260BB89B,Follower Damage Indicator Icons
ConanSandbox/Content/Mods/UIMod_Hosav/UI_Exported/W_ExampleWidget_User.uexp,,0B09137A4E133821A87304BCABCCF197, - Enables or Disables Icons for the Follower Damage Indicator
ConanSandbox/Content/Mods/UIMod_Hosav/UI_Exported/W_ExampleWidget_User.uexp,,0234A3CE4816DD62188B4FB72AB51966,Follower Simplistic Damage Indicator
ConanSandbox/Content/Mods/UIMod_Hosav/UI_Exported/W_ExampleWidget_User.uexp,,1C6FFDAC40C9507C2A76A791EC38EE3F,Mount Settings
ConanSandbox/Content/Mods/UIMod_Hosav/UI_Exported/W_ExampleWidget_User.uexp,,DE0079AF4861D46D3EA35691C698DD34, - With Simplistic Enabled you will only see how much damage your follower dealt. With it off you will see who your follower damaged as well.
ConanSandbox/Content/Mods/UIMod_Hosav/UI_Exported/W_ExampleWidget_User.uexp,,07A501D5424127719EFE068D1C86EE81,Damage Indicator Log (Lower Right)
ConanSandbox/Content/Mods/UIMod_Hosav/UI_Exported/W_ExampleWidget_User.uexp,,00AE449342A531B7C8C522863C5EBF40, - Shows MMO Type Damage Indicator that pops up on the screen as you or your thrall takes damage.
ConanSandbox/Content/Mods/UIMod_Hosav/UI_Exported/W_ExampleWidget_User.uexp,,38B778CD4D70A18890A7E8A2CB40FC5C,Damage Indicator Log Icons
ConanSandbox/Content/Mods/UIMod_Hosav/UI_Exported/W_ExampleWidget_User.uexp,,8C66EA9642E39B488F5D94A2D8B7202B, - Enables or Disables Icons for the Damage Indicator Log
ConanSandbox/Content/Mods/UIMod_Hosav/UI_Exported/W_ExampleWidget_User.uexp,,EE66A2854E76957C2F120988252AFE11,Simplistic Damage Indicator Log
ConanSandbox/Content/Mods/UIMod_Hosav/UI_Exported/W_ExampleWidget_User.uexp,,39C8A6444BDB4301265F04834A3DEBBE, - With Simplistic Enabled you will only see how much damage you or your follower took. With it disabled you can discern if you or your follower was the one to take damage.
ConanSandbox/Content/Mods/UIMod_Hosav/UI_Exported/W_ExampleWidget_User.uexp,,819C6E7043A970D3247951A9DAA1612B,Damage Indicator Color Picker 
ConanSandbox/Content/Mods/UIMod_Hosav/UI_Exported/W_ExampleWidget_User.uexp,,9DACF2C5400CBC14504CF8A6861D179B,Follower Damage Indicator Color Picker 
ConanSandbox/Content/Mods/UIMod_Hosav/UI_Exported/W_ExampleWidget_User.uexp,,8354502D4C34B856A233BC8A6110F828,Damage Indicator Log Color Picker 
ConanSandbox/Content/Mods/UIMod_Hosav/UI_Exported/W_ExampleWidget_User.uexp,,74D876D64E1CFBCD624787B462123A78,SOME FEATURES MAY NOT YET BE IMPLEMENTED OR BE WIP
ConanSandbox/Content/Mods/UIMod_Hosav/UI_Exported/W_ExampleWidget_User.uexp,,391A36854F2B5CE05B8246A911958E5E,Damage Indicator Follower Log Color Picker 
ConanSandbox/Content/Mods/UIMod_Hosav/UI_Exported/W_ExampleWidget_User.uexp,,33D83F3C415C3E709426928567063DDF,Use Float Damage
ConanSandbox/Content/Mods/UIMod_Hosav/UI_Exported/W_ExampleWidget_User.uexp,,7B369BAA4721D617BA1E209BB23A2254," - Shows a more traditional screen popup, that is dynamically placed depending on damaged character's position. (Disables Damage Other Damage Indicator)"
ConanSandbox/Content/Mods/UIMod_Hosav/UI_Exported/W_ExampleWidget_User.uexp,,D61A221A481E68D83A8D7882C0BD4CBF,Minimap Show Local Time
ConanSandbox/Content/Mods/UIMod_Hosav/UI_Exported/W_ExampleWidget_User.uexp,,05EA640C4DAF66B76CA839A0EB9F9ABC,Select Healthbar Position 
ConanSandbox/Content/Mods/UIMod_Hosav/UI_Exported/W_ExampleWidget_User.uexp,,F845A24C4BF6B5D7CD004F8AA946BFFD,Minimap Custom Position : 
ConanSandbox/Content/Mods/UIMod_Hosav/UI_Exported/W_ExampleWidget_User.uexp,,C740DC434D09E72D4C0CD28A5BEF001C,Centered UI Custom Position : 
ConanSandbox/Content/Mods/UIMod_Hosav/UI_Exported/W_ExampleWidget_User.uexp,,386A78D0453E2A605046E1B87F63CE35,Mount Healthbar Visbillity
ConanSandbox/Content/Mods/UIMod_Hosav/UI_Exported/W_ExampleWidget_User.uexp,,BFC7154947B11C29289E369DDA5D2606,Mount Healthbar Values
ConanSandbox/Content/Mods/UIMod_Hosav/UI_Exported/W_ExampleWidget_User.uexp,,2DCB9710403DA850849C89A251CB4D24,Mount Healthbar Custom Color
ConanSandbox/Content/Mods/UIMod_Hosav/UI_Exported/W_ExampleWidget_User.uexp,,3C7AEC6B4F85E4B03AA859BDD15F8A90,Healthbar Visbillity
ConanSandbox/Content/Mods/UIMod_Hosav/UI_Exported/W_ExampleWidget_User.uexp,,444C5DDF468AB86F9C64A1859B34774E,Mount Health Color Picker
ConanSandbox/Content/Mods/UIMod_Hosav/UI_Exported/W_ExampleWidget_User.uexp,,7D16E71041E2CDF9B9AF26A8B6C20512,Mount Endurancebar Visibillity
ConanSandbox/Content/Mods/UIMod_Hosav/UI_Exported/W_ExampleWidget_User.uexp,,6AFD8DE74DAD8ADAE341E8BF770EE794,Mount Endurancebar Values
ConanSandbox/Content/Mods/UIMod_Hosav/UI_Exported/W_ExampleWidget_User.uexp,,6018B2C74E73563DDFA631AAE5DD6BA6,Mount Endurancebar Custom Color
ConanSandbox/Content/Mods/UIMod_Hosav/UI_Exported/W_ExampleWidget_User.uexp,,47F1760D4D621122502A6DAF6E71FECD,Mount Endurance Color Picker
ConanSandbox/Content/Mods/UIMod_Hosav/UI_Exported/W_ExampleWidget_User.uexp,,F6930B80427D4477070D3DA23579FCA7,Mount Level Display
ConanSandbox/Content/Mods/UIMod_Hosav/UI_Exported/W_ExampleWidget_User.uexp,,696B02C6475D7FA300A57793E694C80A,Mount Level Background
ConanSandbox/Content/Mods/UIMod_Hosav/UI_Exported/W_ExampleWidget_User.uexp,,098D08F34DF23CFB83825EAC4E9B47E5,Additional HUD Settings
ConanSandbox/Content/Mods/UIMod_Hosav/UI_Exported/W_ExampleWidget_User.uexp,,1734BCBB42ECC4D407CB6A99742CBBAE,Armor Values
ConanSandbox/Content/Mods/UIMod_Hosav/UI_Exported/W_ExampleWidget_User.uexp,,449106DB45D87C2CE40A749FCF65F706,Damage Values
ConanSandbox/Content/Mods/UIMod_Hosav/UI_Exported/W_ExampleWidget_User.uexp,,ED72D864490C7F9925AE8A91CD888A6B,Healthbar Values
ConanSandbox/Content/Mods/UIMod_Hosav/UI_Exported/W_ExampleWidget_User.uexp,,0CE29CB9472A1C2B249004903F4188C9,Weight Values
ConanSandbox/Content/Mods/UIMod_Hosav/UI_Exported/W_ExampleWidget_User.uexp,,7AB5195744A74085AF694596BBFCF8D1,Food Values
ConanSandbox/Content/Mods/UIMod_Hosav/UI_Exported/W_ExampleWidget_User.uexp,,376BACE24363587A8DDCE0BF1CB17803,Water Values
ConanSandbox/Content/Mods/UIMod_Hosav/UI_Exported/W_ExampleWidget_User.uexp,,3764800D49BF97CA15C8A79A72CF5EE1,Corruption Values 
ConanSandbox/Content/Mods/UIMod_Hosav/UI_Exported/W_ExampleWidget_User.uexp,,45EDFF41465917095C02D9B5ACF6DB86,Experience Settings
ConanSandbox/Content/Mods/UIMod_Hosav/UI_Exported/W_ExampleWidget_User.uexp,,D2D6E05B4FEF0220918B85A9C440BDF0,Current Level
ConanSandbox/Content/Mods/UIMod_Hosav/UI_Exported/W_ExampleWidget_User.uexp,,8F06FE13444FC4A051AD608FB6F88565,Experience Amount
ConanSandbox/Content/Mods/UIMod_Hosav/UI_Exported/W_ExampleWidget_User.uexp,,878029A046A207E405523F94394FAA57,Experience Percentage
ConanSandbox/Content/Mods/UIMod_Hosav/UI_Exported/W_ExampleWidget_User.uexp,,4A71D8624EAD72AD7E894C9072E65525,Experience Progress Indicator
ConanSandbox/Content/Mods/UIMod_Hosav/UI_Exported/W_ExampleWidget_User.uexp,,7551A2844CF25043728E0285C274DAD0,Experience Color Picker
ConanSandbox/Content/Mods/UIMod_Hosav/UI_Exported/W_ExampleWidget_User.uexp,,D22D441049F8CB9D0C0384851EE444FF,Healthbar Custom Color
ConanSandbox/Content/Mods/UIMod_Hosav/UI_Exported/W_ExampleWidget_User.uexp,,59DA740046E4B865FB94BCA41C028769,Experience Progress Custom Color
ConanSandbox/Content/Mods/UIMod_Hosav/UI_Exported/W_ExampleWidget_User.uexp,,49C1AA624C89CAC35D020CA8561F2CAC,Temperature Values
ConanSandbox/Content/Mods/UIMod_Hosav/UI_Exported/W_ExampleWidget_User.uexp,,17CDAE6E43F5F5C1B8100B88C9A589EF,Mount Level Background Custom Color
ConanSandbox/Content/Mods/UIMod_Hosav/UI_Exported/W_ExampleWidget_User.uexp,,3E9221AD4DD5FDAFA5BE8F930372FC10,Mount Background Color Picker
ConanSandbox/Content/Mods/UIMod_Hosav/UI_Exported/W_ExampleWidget_User.uexp,,C45E01834E2EA24AF3BD33B0FFC03C91,Detail Font/Icons Custom Color
ConanSandbox/Content/Mods/UIMod_Hosav/UI_Exported/W_ExampleWidget_User.uexp,,02CFB0804599F16FDCCEFC8F91D249F7,Health Numeric Text
ConanSandbox/Content/Mods/UIMod_Hosav/UI_Exported/W_ExampleWidget_User.uexp,,9D2DDF374A08E65A6C2507BB32994EB4,Font Color Picker 
ConanSandbox/Content/Mods/UIMod_Hosav/UI_Exported/W_ExampleWidget_User.uexp,,1AAA4D93414A225A0C6E998898A38095,Consider helping me out by donating : 
ConanSandbox/Content/Mods/UIMod_Hosav/UI_Exported/W_ExampleWidget_User.uexp,,B03442994316B090768A4098EE612CFB,   Donate   
ConanSandbox/Content/Mods/UIMod_Hosav/UI_Exported/W_ExampleWidget_User.uexp,,78E1196C476597B05B7172B72167F9B0,Consciousness Percentage
ConanSandbox/Content/Mods/UIMod_Hosav/UI_Exported/W_ExampleWidget_User.uexp,,179A4EA24F2B612EE78932BADFB94573,Health Color Picker
ConanSandbox/Content/Mods/UIMod_Hosav/UI_Exported/W_ExampleWidget_User.uexp,,D82C7A1F4AD1759137D4F097D394F38F,Target Level
ConanSandbox/Content/Mods/UIMod_Hosav/UI_Exported/W_ExampleWidget_User.uexp,,088061BD4ECFC97B8BB1D3A3AF98E312,Target Health Custom Color
ConanSandbox/Content/Mods/UIMod_Hosav/UI_Exported/W_ExampleWidget_User.uexp,,AF592F544ACD47287DA2B98C40BFE720,Target Healthbar Enabled
ConanSandbox/Content/Mods/UIMod_Hosav/UI_Exported/W_ExampleWidget_User.uexp,,CC55113042456CA0A5F829A3EFECCB13,Target Health Color Picker
ConanSandbox/Content/Mods/UIMod_Hosav/UI_Exported/W_ExampleWidget_User.uexp,,761A320B422B9F979F20C2A9FFCB8734,Target Consciousness Custom Color
ConanSandbox/Content/Mods/UIMod_Hosav/UI_Exported/W_ExampleWidget_User.uexp,,B57E5D864EDFA92A157E46BFBAE7B0E3,Target Consciousness Color Picker
ConanSandbox/Content/Mods/UIMod_Hosav/UI_Exported/W_ExampleWidget_User.uexp,,3AAC64234A1BAE42E6744F902F43C6FF,Target Level Background Custom Color
ConanSandbox/Content/Mods/UIMod_Hosav/UI_Exported/W_ExampleWidget_User.uexp,,55821358442395A4D5EEC4B12DDBC057,Target Level Background Color Picker
ConanSandbox/Content/Mods/UIMod_Hosav/UI_Exported/W_ExampleWidget_User.uexp,,BEB5E26A48DE4218481094B02FCB45DD,Personal UI Settings :
ConanSandbox/Content/Mods/UIMod_Hosav/UI_Exported/W_ExampleWidget_User.uexp,,0271FAC644B6931C381A59AB80CFED79,Other Settings
ConanSandbox/Content/Mods/UIMod_Hosav/UI_Exported/W_ExampleWidget_User.uexp,,1E22D1704AC4EF42A8EFB4B87B951EA5,Close
ConanSandbox/Content/Mods/UIMod_Hosav/UI_Exported/W_ExampleWidget_User.uexp,,4AE69B6447267B73F84F57B6B1F2FD90,Buff Settings
ConanSandbox/Content/Mods/UIMod_Hosav/UI_Exported/W_ExampleWidget_User.uexp,,FCCE889E422E6707578064BB82CA09B4,Buffs in UI
ConanSandbox/Content/Mods/UIMod_Hosav/UI_Exported/W_ExampleWidget_User.uexp,,764DA8744F46245AFEB2E8B221D69C9E,Buff Timer
ConanSandbox/Content/Mods/UIMod_Hosav/UI_Exported/W_ExampleWidget_User.uexp,,317C1F3C4418C3D060BC85B85AD55828,Buff Description
ConanSandbox/Content/Mods/UIMod_Hosav/UI_Exported/W_ExampleWidget_User.uexp,,0AF9014B4648691BD86CB2899A1B3BE9,Crafting Time in Seconds
ConanSandbox/Content/Mods/UIMod_Hosav/UI_Exported/W_ExampleWidget_User.uexp,,5F6CFE8A419C4C6C1A9600B7115BF675,Disable IQoL Hooks
ConanSandbox/Content/Mods/UIMod_Hosav/UI_Exported/W_ExampleWidget_User.uexp,,E66B664C48BD0CE205DA209693667197,This option disables all HUD elements from IQoL. REMEMBER TO LOAD THIS MOD AFTER IQoL IF YOU USE IQoL
ConanSandbox/Content/Mods/UIMod_Hosav/UI_Exported/W_ExampleWidget_User.uexp,,5DF27501469F199C46F10282F3F1C30A,Hotbar Only In Inventory
ConanSandbox/Content/Mods/UIMod_Hosav/UI_Exported/W_ExampleWidget_User.uexp,,BBEAF11445BB1CC06A6576AC35FF2771,PvE Player Stamina
ConanSandbox/Content/Mods/UIMod_Hosav/UI_Exported/W_ExampleWidget_User.uexp,,B7A64A204A307CD34A6D3FBFFFF43178,In-Game Time of Day
ConanSandbox/Content/Mods/UIMod_Hosav/UI_Exported/W_ExampleWidget_User.uexp,,EC3CB51A4C5881C3988D4B884A5A8148,Age of Calamitious Faction Emblem on HUD
ConanSandbox/Content/Mods/UIMod_Hosav/UI_Exported/W_ExampleWidget_User.uexp,,3F40B69A4BDD4DEE71B45D97A29C2B03,Staminabar Settings
ConanSandbox/Content/Mods/UIMod_Hosav/UI_Exported/W_ExampleWidget_User.uexp,,1B2FD5FC43F00E6B493ED3A212A0E170,Shelter Percentage
ConanSandbox/Content/Mods/UIMod_Hosav/UI_Exported/W_ExampleWidget_User.uexp,,BE9D29F447E595B5AF3B589BF3C2EF1A,Target AoC Faction Visibillity
ConanSandbox/Content/Mods/UIMod_Hosav/UI_Exported/W_ExampleWidget_User.uexp,,CA02233D4CF287995B89A690F58E2A56,Centered UI Stats / Custom Position
ConanSandbox/Content/Mods/UIMod_Hosav/UI_Exported/W_ExampleWidget_User.uexp,,AD57C37E44026A6E1AC24C9ECEEB959A,Health and Stamina/Endurance Text Custom Color
ConanSandbox/Content/Mods/UIMod_Hosav/UI_Exported/W_ExampleWidget_User.uexp,,22B70A21444F3834E3B9CCA93A5B0B89,Health and Stamina/Endurance Text Color Picker
ConanSandbox/Content/Mods/UIMod_Hosav/UI_Exported/W_ExampleWidget_User.uexp,,46AA6F2149D70E2A9A997BB5A1325710,Save
ConanSandbox/Content/Mods/UIMod_Hosav/UI_Exported/W_ExampleWidget_User.uexp,,E8CDD4C8458B39C1A39A3BA457629E0A,Select Detail Font Size 
ConanSandbox/Content/Mods/UIMod_Hosav/UI_Exported/W_ExampleWidget_User.uexp,,902F04E1449D614534DFA8A560AB1C9C,Select Hotbar Size 
ConanSandbox/Content/Mods/UIMod_Hosav/UI_Exported/W_ExampleWidget_User.uexp,,D9DA8BA74C617AF809B95E932FCFE6A9,Show health lost in enemy healthbar
ConanSandbox/Content/Mods/UIMod_Hosav/UI_Exported/W_ExampleWidget_User.uexp,,5981F8FB454C31ADDBB3018FE3959780,Corruption Bar Custom Color
ConanSandbox/Content/Mods/UIMod_Hosav/UI_Exported/W_ExampleWidget_User.uexp,,0EC5E7684B08DC7B586BE6B7567AC5B7,Staminabar Visbillity
ConanSandbox/Content/Mods/UIMod_Hosav/UI_Exported/W_ExampleWidget_User.uexp,,5B74BB9A4E6D1C6CBC7017B4C23C1504,Corruption Bar Color Picker 
ConanSandbox/Content/Mods/UIMod_Hosav/UI_Exported/W_ExampleWidget_User.uexp,,814ED8B54ABB2918C847F1AA2F823573,Compass
ConanSandbox/Content/Mods/UIMod_Hosav/UI_Exported/W_ExampleWidget_User.uexp,,017059564DAD71AC8432AE8765D1D44D,Compass Background Custom Color
ConanSandbox/Content/Mods/UIMod_Hosav/UI_Exported/W_ExampleWidget_User.uexp,,AF4C742849D4C7564226858DFB3DB568,Minimap
ConanSandbox/Content/Mods/UIMod_Hosav/UI_Exported/W_ExampleWidget_User.uexp,,83D40EBD495BFCE2247FD4ACF94E3B88,Compass Background Color Picker 
ConanSandbox/Content/Mods/UIMod_Hosav/UI_Exported/W_ExampleWidget_User.uexp,,9B92182B49A82DA85E52918039854390,Temperature Type 
ConanSandbox/Content/Mods/UIMod_Hosav/UI_Exported/W_ExampleWidget_User.uexp,,7817E3D24F4BA287401329ABCF63A7AB,Select Minimap Position 
ConanSandbox/Content/Mods/UIMod_Hosav/UI_Exported/W_ExampleWidget_User.uexp,,FF9F2F244690F94D37A4238A40E9B37B,Party UI Settings
ConanSandbox/Content/Mods/UIMod_Hosav/UI_Exported/W_ExampleWidget_User.uexp,,E2FDA80143CC34050E95F88EAAD56E6F,Minimap Border
ConanSandbox/Content/Mods/UIMod_Hosav/UI_Exported/W_ExampleWidget_User.uexp,,415CD44E4F9C37FE48EADAAA36A8EF89,Ally Names
ConanSandbox/Content/Mods/UIMod_Hosav/UI_Exported/W_ExampleWidget_User.uexp,,D47DB4A7499A0CE7FF1161B6EEC3E538,Staminabar Values
ConanSandbox/Content/Mods/UIMod_Hosav/UI_Exported/W_ExampleWidget_User.uexp,,691074E44E3ED9F70890E1A7FFB7E4BA,Ally Health
ConanSandbox/Content/Mods/UIMod_Hosav/UI_Exported/W_ExampleWidget_User.uexp,,FCCE889E422E6707578064BB82CA09B4,Buffs in UI
ConanSandbox/Content/Mods/UIMod_Hosav/UI_Exported/W_ExampleWidget_User.uexp,,D324858B4B84C3FFA22FA0A1C501B631,Ally Health Custom Color
ConanSandbox/Content/Mods/UIMod_Hosav/UI_Exported/W_ExampleWidget_User.uexp,,5483655149BA1D16B6E905B39BB02387,Ally Health Color Picker
ConanSandbox/Content/Mods/UIMod_Hosav/UI_Exported/W_ExampleWidget_User.uexp,,D53DD7194E739901A1E8C49C87D6EE3E,Show Party UI in HUD 
ConanSandbox/Content/Mods/UIMod_Hosav/UI_Exported/W_ExampleWidget_User.uexp,,DF19771049B081E4CE6124B69521EF41,Bazaar Enabled
ConanSandbox/Content/Mods/UIMod_Hosav/UI_Exported/W_ExampleWidget_User.uexp,,E2D1361A45CB6F8FBC49B392D418B2E2,Minimap Border Color Picker 
ConanSandbox/Content/Mods/UIMod_Hosav/UI_Exported/W_ExampleWidget_User.uexp,,D51DADEC4127F1323487A89640D8335C,- Will automatically be disabled with gamepad input to prevent input issues.
ConanSandbox/Content/Mods/UIMod_Hosav/UI_Exported/W_ExampleWidget_User.uexp,,B52378194DFA02DC64F0278BE290B5D7,- Shows the AoC Faction of your target
ConanSandbox/Content/Mods/UIMod_Hosav/UI_Exported/W_ExampleWidget_User.uexp,,E9C2E05B4D66E4FAA34CEBA2280AE276, - Shows MMO Type Damage Indicator that pops up on the screen as you do damage. 
ConanSandbox/Content/Mods/UIMod_Hosav/UI_Exported/W_ExampleWidget_User.uexp,,FF16168F48841591E17ECFAA7BDB27D3,Damage Indicator (Right)
ConanSandbox/Content/Mods/UIMod_Hosav/UI_Exported/W_ExampleWidget_User.uexp,,1421E42640AF8A771097A8A925CD03F4,Server Info
ConanSandbox/Content/Mods/UIMod_Hosav/UI_Exported/W_PopupDamage.uexp,,B053C1A44490D43FC94B4AAEB71EEA1F,97
ConanSandbox/Content/Mods/UIMod_Hosav/UMGColorPicker/UMG/ColorPickerSimple.uexp,,D3CDE01C4B522843F8B116B40091EB81,Link color wheel with value
ConanSandbox/Content/Mods/UIMod_Hosav/UMGColorPicker/UMG/ColorPickerSimple.uexp,,DCC042FE4C8BBA44E1772DBE48585EF8,Color Picker Simple
ConanSandbox/Content/Mods/UIMod_Hosav/UMGColorPicker/UMG/ColorPickerSimple.uexp,,064629B244FE55D71A47428E18D6FA95,Alpha
ConanSandbox/Content/Mods/UIMod_Hosav/UMGColorPicker/UMG/ColorPickerSimple.uexp,,D0C462764B14667D8FCC6ABA3288C5AD,Saturation
ConanSandbox/Content/Mods/UIMod_Hosav/UMGColorPicker/UMG/ColorPickerSimple.uexp,,E419A15E4089AA873A186782BD980C59,Value
ConanSandbox/Content/Mods/UIMod_Hosav/UMGColorPicker/UMG/ColorPickerSimple.uexp,,42D8C2C841EC95320E235E804AE99EC6,Color Picker Simple
ConanSandbox/Content/Mods/UIMod_Hosav/UMGColorPicker/UMG/ColorPickerSimple.uexp,,DC0832FA4BB2443BDF5FD09E2711666A,A:
ConanSandbox/Content/Mods/UIMod_Hosav/UMGColorPicker/UMG/ColorPickerSimple.uexp,,91AAE0D54088CF3AD5FC8FB3C0846B86,S:
ConanSandbox/Content/Mods/UIMod_Hosav/UMGColorPicker/UMG/ColorPickerSimple.uexp,,3F3FC7F4443F32ECA87B2A97BDBB8BDF,V:
ConanSandbox/Content/Mods/UIMod_Hosav/UMGColorPicker/UMG/ColorPickerSimple.uexp,,EFAC0BA0410633177E00E1AC7FC1DDA2,OK
ConanSandbox/Content/Mods/UIMod_Hosav/UMGColorPicker/UMG/ColorPickerSimple.uexp,,A8C66EBD414B2D0C37C277AD10A42B6D,Cancel
ConanSandbox/Content/Mods/UIMod_Hosav/UMGColorPicker/UMG/ColorPickerWidget.uexp,,EEAC844B47F280444012EC82A428269F,Click to restore old color
ConanSandbox/Content/Mods/UIMod_Hosav/UMGColorPicker/UMG/ColorPickerWidget.uexp,,6BF4005549875E7B183269A8D6014C54,Random Color
ConanSandbox/Content/Mods/UIMod_Hosav/UMGColorPicker/UMG/ColorPickerWidget.uexp,,7E7CEE2F42105B11388511BDB7D64CA1,Healthbar Color
ConanSandbox/Content/Mods/UIMod_Hosav/UMGColorPicker/UMG/ColorPickerWidget.uexp,,F24C16FB4EB5F285D633B38CB9CCB666,Hexadecimal Value
ConanSandbox/Content/Mods/UIMod_Hosav/UMGColorPicker/UMG/ColorPickerWidget.uexp,,83636CCF4E05558A237D2BA2FC0BEE55,Saturation
ConanSandbox/Content/Mods/UIMod_Hosav/UMGColorPicker/UMG/ColorPickerWidget.uexp,,14F8E1624BA490CDDE757AAA7230E6B8,Value
ConanSandbox/Content/Mods/UIMod_Hosav/UMGColorPicker/UMG/ColorPickerWidget.uexp,,82F4BF9A4CB7F37F2A17CDAEE7CC7ABD,Alpha Channel
ConanSandbox/Content/Mods/UIMod_Hosav/UMGColorPicker/UMG/ColorPickerWidget.uexp,,EB7D397641AE4F61185ABB9D9AC747A4,HUE
ConanSandbox/Content/Mods/UIMod_Hosav/UMGColorPicker/UMG/ColorPickerWidget.uexp,,81B31DD048DBB90F1557668E4C26A4AF,Blue Channel
ConanSandbox/Content/Mods/UIMod_Hosav/UMGColorPicker/UMG/ColorPickerWidget.uexp,,9CA8A3724249076156EB3DB56CB38C9D,Green Channel
ConanSandbox/Content/Mods/UIMod_Hosav/UMGColorPicker/UMG/ColorPickerWidget.uexp,,2E7D8F6F428D77729385F3880102F600,Red Channel
ConanSandbox/Content/Mods/UIMod_Hosav/UMGColorPicker/UMG/ColorPickerWidget.uexp,,522C803B47606031ED616297BC6FC4F5,Saturation
ConanSandbox/Content/Mods/UIMod_Hosav/UMGColorPicker/UMG/ColorPickerWidget.uexp,,837FE6F447200D9A168E898752247120,Value
ConanSandbox/Content/Mods/UIMod_Hosav/UMGColorPicker/UMG/ColorPickerWidget.uexp,,2A9A916C457E0E8DAA46B3911DD68A89,New
ConanSandbox/Content/Mods/UIMod_Hosav/UMGColorPicker/UMG/ColorPickerWidget.uexp,,9A63DA5448910C22A768349669AC980B,Old
ConanSandbox/Content/Mods/UIMod_Hosav/UMGColorPicker/UMG/ColorPickerWidget.uexp,,912B52D94614452B5D8E08BBEF1F5E52,V:
ConanSandbox/Content/Mods/UIMod_Hosav/UMGColorPicker/UMG/ColorPickerWidget.uexp,,CA47313F44D79F7EC65CB2A3A0DD400A,R:
ConanSandbox/Content/Mods/UIMod_Hosav/UMGColorPicker/UMG/ColorPickerWidget.uexp,,5C5010BF48C137C9CD2E3B88E42B7D5E,Color Picker Health Bar
ConanSandbox/Content/Mods/UIMod_Hosav/UMGColorPicker/UMG/ColorPickerWidget.uexp,,EC4017E1494D5DB9AA20F3912D373B7B,OK
ConanSandbox/Content/Mods/UIMod_Hosav/UMGColorPicker/UMG/ColorPickerWidget.uexp,,71EFCE1B436006413361988B202675B6,Cancel
ConanSandbox/Content/Mods/UIMod_Hosav/UMGColorPicker/UMG/ColorPickerWidget.uexp,,9EC3B94B471C27AEFE5072BE6CA5E84A,G:
ConanSandbox/Content/Mods/UIMod_Hosav/UMGColorPicker/UMG/ColorPickerWidget.uexp,,1C9B5BF74695FC52B947B0A862644767,H:
ConanSandbox/Content/Mods/UIMod_Hosav/UMGColorPicker/UMG/ColorPickerWidget.uexp,,E3CC49AB4D286904356668B3F8A4E5F9,B:
ConanSandbox/Content/Mods/UIMod_Hosav/UMGColorPicker/UMG/ColorPickerWidget.uexp,,606FE29D4D99ABE6F4FA168290264B6A,S:
ConanSandbox/Content/Mods/UIMod_Hosav/UMGColorPicker/UMG/ColorPickerWidget.uexp,,52AFE2574F522FD354341B824E4CFCCC,A:
ConanSandbox/Content/Mods/UIMod_Hosav/UMGColorPicker/UMG/ColorPickerWidget.uexp,,71E1F75D41363826AEE078A154CA3EF5,Hex:
ConanSandbox/Content/Mods/UIMod_Hosav/UMGColorPicker/UMG/ColorPickerWidget_AllyColor.uexp,,EEAC844B47F280444012EC82A428269F,Click to restore old color
ConanSandbox/Content/Mods/UIMod_Hosav/UMGColorPicker/UMG/ColorPickerWidget_AllyColor.uexp,,6BF4005549875E7B183269A8D6014C54,Random Color
ConanSandbox/Content/Mods/UIMod_Hosav/UMGColorPicker/UMG/ColorPickerWidget_AllyColor.uexp,,9E93F0F743436AF8522D798F3C3869D1,Nearby Ally Health Color
ConanSandbox/Content/Mods/UIMod_Hosav/UMGColorPicker/UMG/ColorPickerWidget_AllyColor.uexp,,F24C16FB4EB5F285D633B38CB9CCB666,Hexadecimal Value
ConanSandbox/Content/Mods/UIMod_Hosav/UMGColorPicker/UMG/ColorPickerWidget_AllyColor.uexp,,83636CCF4E05558A237D2BA2FC0BEE55,Saturation
ConanSandbox/Content/Mods/UIMod_Hosav/UMGColorPicker/UMG/ColorPickerWidget_AllyColor.uexp,,14F8E1624BA490CDDE757AAA7230E6B8,Value
ConanSandbox/Content/Mods/UIMod_Hosav/UMGColorPicker/UMG/ColorPickerWidget_AllyColor.uexp,,82F4BF9A4CB7F37F2A17CDAEE7CC7ABD,Alpha Channel
ConanSandbox/Content/Mods/UIMod_Hosav/UMGColorPicker/UMG/ColorPickerWidget_AllyColor.uexp,,EB7D397641AE4F61185ABB9D9AC747A4,HUE
ConanSandbox/Content/Mods/UIMod_Hosav/UMGColorPicker/UMG/ColorPickerWidget_AllyColor.uexp,,81B31DD048DBB90F1557668E4C26A4AF,Blue Channel
ConanSandbox/Content/Mods/UIMod_Hosav/UMGColorPicker/UMG/ColorPickerWidget_AllyColor.uexp,,9CA8A3724249076156EB3DB56CB38C9D,Green Channel
ConanSandbox/Content/Mods/UIMod_Hosav/UMGColorPicker/UMG/ColorPickerWidget_AllyColor.uexp,,2E7D8F6F428D77729385F3880102F600,Red Channel
ConanSandbox/Content/Mods/UIMod_Hosav/UMGColorPicker/UMG/ColorPickerWidget_AllyColor.uexp,,522C803B47606031ED616297BC6FC4F5,Saturation
ConanSandbox/Content/Mods/UIMod_Hosav/UMGColorPicker/UMG/ColorPickerWidget_AllyColor.uexp,,837FE6F447200D9A168E898752247120,Value
ConanSandbox/Content/Mods/UIMod_Hosav/UMGColorPicker/UMG/ColorPickerWidget_AllyColor.uexp,,2A9A916C457E0E8DAA46B3911DD68A89,New
ConanSandbox/Content/Mods/UIMod_Hosav/UMGColorPicker/UMG/ColorPickerWidget_AllyColor.uexp,,9A63DA5448910C22A768349669AC980B,Old
ConanSandbox/Content/Mods/UIMod_Hosav/UMGColorPicker/UMG/ColorPickerWidget_AllyColor.uexp,,912B52D94614452B5D8E08BBEF1F5E52,V:
ConanSandbox/Content/Mods/UIMod_Hosav/UMGColorPicker/UMG/ColorPickerWidget_AllyColor.uexp,,CA47313F44D79F7EC65CB2A3A0DD400A,R:
ConanSandbox/Content/Mods/UIMod_Hosav/UMGColorPicker/UMG/ColorPickerWidget_AllyColor.uexp,,1FEAD20742D53B2A1CAB848914AFC323,Color Picker Mount Endurance Bar
ConanSandbox/Content/Mods/UIMod_Hosav/UMGColorPicker/UMG/ColorPickerWidget_AllyColor.uexp,,EC4017E1494D5DB9AA20F3912D373B7B,OK
ConanSandbox/Content/Mods/UIMod_Hosav/UMGColorPicker/UMG/ColorPickerWidget_AllyColor.uexp,,71EFCE1B436006413361988B202675B6,Cancel
ConanSandbox/Content/Mods/UIMod_Hosav/UMGColorPicker/UMG/ColorPickerWidget_AllyColor.uexp,,9EC3B94B471C27AEFE5072BE6CA5E84A,G:
ConanSandbox/Content/Mods/UIMod_Hosav/UMGColorPicker/UMG/ColorPickerWidget_AllyColor.uexp,,1C9B5BF74695FC52B947B0A862644767,H:
ConanSandbox/Content/Mods/UIMod_Hosav/UMGColorPicker/UMG/ColorPickerWidget_AllyColor.uexp,,E3CC49AB4D286904356668B3F8A4E5F9,B:
ConanSandbox/Content/Mods/UIMod_Hosav/UMGColorPicker/UMG/ColorPickerWidget_AllyColor.uexp,,606FE29D4D99ABE6F4FA168290264B6A,S:
ConanSandbox/Content/Mods/UIMod_Hosav/UMGColorPicker/UMG/ColorPickerWidget_AllyColor.uexp,,52AFE2574F522FD354341B824E4CFCCC,A:
ConanSandbox/Content/Mods/UIMod_Hosav/UMGColorPicker/UMG/ColorPickerWidget_AllyColor.uexp,,71E1F75D41363826AEE078A154CA3EF5,Hex:
ConanSandbox/Content/Mods/UIMod_Hosav/UMGColorPicker/UMG/ColorPickerWidget_CompassColor.uexp,,EEAC844B47F280444012EC82A428269F,Click to restore old color
ConanSandbox/Content/Mods/UIMod_Hosav/UMGColorPicker/UMG/ColorPickerWidget_CompassColor.uexp,,6BF4005549875E7B183269A8D6014C54,Random Color
ConanSandbox/Content/Mods/UIMod_Hosav/UMGColorPicker/UMG/ColorPickerWidget_CompassColor.uexp,,D1D928824FE8229EE5AD05BDE20A8E72,Compass Background Color
ConanSandbox/Content/Mods/UIMod_Hosav/UMGColorPicker/UMG/ColorPickerWidget_CompassColor.uexp,,F24C16FB4EB5F285D633B38CB9CCB666,Hexadecimal Value
ConanSandbox/Content/Mods/UIMod_Hosav/UMGColorPicker/UMG/ColorPickerWidget_CompassColor.uexp,,83636CCF4E05558A237D2BA2FC0BEE55,Saturation
ConanSandbox/Content/Mods/UIMod_Hosav/UMGColorPicker/UMG/ColorPickerWidget_CompassColor.uexp,,14F8E1624BA490CDDE757AAA7230E6B8,Value
ConanSandbox/Content/Mods/UIMod_Hosav/UMGColorPicker/UMG/ColorPickerWidget_CompassColor.uexp,,82F4BF9A4CB7F37F2A17CDAEE7CC7ABD,Alpha Channel
ConanSandbox/Content/Mods/UIMod_Hosav/UMGColorPicker/UMG/ColorPickerWidget_CompassColor.uexp,,EB7D397641AE4F61185ABB9D9AC747A4,HUE
ConanSandbox/Content/Mods/UIMod_Hosav/UMGColorPicker/UMG/ColorPickerWidget_CompassColor.uexp,,81B31DD048DBB90F1557668E4C26A4AF,Blue Channel
ConanSandbox/Content/Mods/UIMod_Hosav/UMGColorPicker/UMG/ColorPickerWidget_CompassColor.uexp,,9CA8A3724249076156EB3DB56CB38C9D,Green Channel
ConanSandbox/Content/Mods/UIMod_Hosav/UMGColorPicker/UMG/ColorPickerWidget_CompassColor.uexp,,2E7D8F6F428D77729385F3880102F600,Red Channel
ConanSandbox/Content/Mods/UIMod_Hosav/UMGColorPicker/UMG/ColorPickerWidget_CompassColor.uexp,,522C803B47606031ED616297BC6FC4F5,Saturation
ConanSandbox/Content/Mods/UIMod_Hosav/UMGColorPicker/UMG/ColorPickerWidget_CompassColor.uexp,,837FE6F447200D9A168E898752247120,Value
ConanSandbox/Content/Mods/UIMod_Hosav/UMGColorPicker/UMG/ColorPickerWidget_CompassColor.uexp,,2A9A916C457E0E8DAA46B3911DD68A89,New
ConanSandbox/Content/Mods/UIMod_Hosav/UMGColorPicker/UMG/ColorPickerWidget_CompassColor.uexp,,9A63DA5448910C22A768349669AC980B,Old
ConanSandbox/Content/Mods/UIMod_Hosav/UMGColorPicker/UMG/ColorPickerWidget_CompassColor.uexp,,912B52D94614452B5D8E08BBEF1F5E52,V:
ConanSandbox/Content/Mods/UIMod_Hosav/UMGColorPicker/UMG/ColorPickerWidget_CompassColor.uexp,,CA47313F44D79F7EC65CB2A3A0DD400A,R:
ConanSandbox/Content/Mods/UIMod_Hosav/UMGColorPicker/UMG/ColorPickerWidget_CompassColor.uexp,,5FF86D97472CBA36B508ABBB322AAD0E,Color Picker Mount Endurance Bar
ConanSandbox/Content/Mods/UIMod_Hosav/UMGColorPicker/UMG/ColorPickerWidget_CompassColor.uexp,,EC4017E1494D5DB9AA20F3912D373B7B,OK
ConanSandbox/Content/Mods/UIMod_Hosav/UMGColorPicker/UMG/ColorPickerWidget_CompassColor.uexp,,71EFCE1B436006413361988B202675B6,Cancel
ConanSandbox/Content/Mods/UIMod_Hosav/UMGColorPicker/UMG/ColorPickerWidget_CompassColor.uexp,,9EC3B94B471C27AEFE5072BE6CA5E84A,G:
ConanSandbox/Content/Mods/UIMod_Hosav/UMGColorPicker/UMG/ColorPickerWidget_CompassColor.uexp,,1C9B5BF74695FC52B947B0A862644767,H:
ConanSandbox/Content/Mods/UIMod_Hosav/UMGColorPicker/UMG/ColorPickerWidget_CompassColor.uexp,,E3CC49AB4D286904356668B3F8A4E5F9,B:
ConanSandbox/Content/Mods/UIMod_Hosav/UMGColorPicker/UMG/ColorPickerWidget_CompassColor.uexp,,606FE29D4D99ABE6F4FA168290264B6A,S:
ConanSandbox/Content/Mods/UIMod_Hosav/UMGColorPicker/UMG/ColorPickerWidget_CompassColor.uexp,,52AFE2574F522FD354341B824E4CFCCC,A:
ConanSandbox/Content/Mods/UIMod_Hosav/UMGColorPicker/UMG/ColorPickerWidget_CompassColor.uexp,,71E1F75D41363826AEE078A154CA3EF5,Hex:
ConanSandbox/Content/Mods/UIMod_Hosav/UMGColorPicker/UMG/ColorPickerWidget_CorruptionColor.uexp,,EEAC844B47F280444012EC82A428269F,Click to restore old color
ConanSandbox/Content/Mods/UIMod_Hosav/UMGColorPicker/UMG/ColorPickerWidget_CorruptionColor.uexp,,6BF4005549875E7B183269A8D6014C54,Random Color
ConanSandbox/Content/Mods/UIMod_Hosav/UMGColorPicker/UMG/ColorPickerWidget_CorruptionColor.uexp,,519117984DEAAAB043E6F98809E447DA,Corruption Bar Color
ConanSandbox/Content/Mods/UIMod_Hosav/UMGColorPicker/UMG/ColorPickerWidget_CorruptionColor.uexp,,F24C16FB4EB5F285D633B38CB9CCB666,Hexadecimal Value
ConanSandbox/Content/Mods/UIMod_Hosav/UMGColorPicker/UMG/ColorPickerWidget_CorruptionColor.uexp,,83636CCF4E05558A237D2BA2FC0BEE55,Saturation
ConanSandbox/Content/Mods/UIMod_Hosav/UMGColorPicker/UMG/ColorPickerWidget_CorruptionColor.uexp,,14F8E1624BA490CDDE757AAA7230E6B8,Value
ConanSandbox/Content/Mods/UIMod_Hosav/UMGColorPicker/UMG/ColorPickerWidget_CorruptionColor.uexp,,82F4BF9A4CB7F37F2A17CDAEE7CC7ABD,Alpha Channel
ConanSandbox/Content/Mods/UIMod_Hosav/UMGColorPicker/UMG/ColorPickerWidget_CorruptionColor.uexp,,EB7D397641AE4F61185ABB9D9AC747A4,HUE
ConanSandbox/Content/Mods/UIMod_Hosav/UMGColorPicker/UMG/ColorPickerWidget_CorruptionColor.uexp,,81B31DD048DBB90F1557668E4C26A4AF,Blue Channel
ConanSandbox/Content/Mods/UIMod_Hosav/UMGColorPicker/UMG/ColorPickerWidget_CorruptionColor.uexp,,9CA8A3724249076156EB3DB56CB38C9D,Green Channel
ConanSandbox/Content/Mods/UIMod_Hosav/UMGColorPicker/UMG/ColorPickerWidget_CorruptionColor.uexp,,2E7D8F6F428D77729385F3880102F600,Red Channel
ConanSandbox/Content/Mods/UIMod_Hosav/UMGColorPicker/UMG/ColorPickerWidget_CorruptionColor.uexp,,522C803B47606031ED616297BC6FC4F5,Saturation
ConanSandbox/Content/Mods/UIMod_Hosav/UMGColorPicker/UMG/ColorPickerWidget_CorruptionColor.uexp,,837FE6F447200D9A168E898752247120,Value
ConanSandbox/Content/Mods/UIMod_Hosav/UMGColorPicker/UMG/ColorPickerWidget_CorruptionColor.uexp,,2A9A916C457E0E8DAA46B3911DD68A89,New
ConanSandbox/Content/Mods/UIMod_Hosav/UMGColorPicker/UMG/ColorPickerWidget_CorruptionColor.uexp,,9A63DA5448910C22A768349669AC980B,Old
ConanSandbox/Content/Mods/UIMod_Hosav/UMGColorPicker/UMG/ColorPickerWidget_CorruptionColor.uexp,,912B52D94614452B5D8E08BBEF1F5E52,V:
ConanSandbox/Content/Mods/UIMod_Hosav/UMGColorPicker/UMG/ColorPickerWidget_CorruptionColor.uexp,,CA47313F44D79F7EC65CB2A3A0DD400A,R:
ConanSandbox/Content/Mods/UIMod_Hosav/UMGColorPicker/UMG/ColorPickerWidget_CorruptionColor.uexp,,59414ECB4478E514097A6BA21FB0262D,Color Picker Mount Endurance Bar
ConanSandbox/Content/Mods/UIMod_Hosav/UMGColorPicker/UMG/ColorPickerWidget_CorruptionColor.uexp,,EC4017E1494D5DB9AA20F3912D373B7B,OK
ConanSandbox/Content/Mods/UIMod_Hosav/UMGColorPicker/UMG/ColorPickerWidget_CorruptionColor.uexp,,71EFCE1B436006413361988B202675B6,Cancel
ConanSandbox/Content/Mods/UIMod_Hosav/UMGColorPicker/UMG/ColorPickerWidget_CorruptionColor.uexp,,9EC3B94B471C27AEFE5072BE6CA5E84A,G:
ConanSandbox/Content/Mods/UIMod_Hosav/UMGColorPicker/UMG/ColorPickerWidget_CorruptionColor.uexp,,1C9B5BF74695FC52B947B0A862644767,H:
ConanSandbox/Content/Mods/UIMod_Hosav/UMGColorPicker/UMG/ColorPickerWidget_CorruptionColor.uexp,,E3CC49AB4D286904356668B3F8A4E5F9,B:
ConanSandbox/Content/Mods/UIMod_Hosav/UMGColorPicker/UMG/ColorPickerWidget_CorruptionColor.uexp,,606FE29D4D99ABE6F4FA168290264B6A,S:
ConanSandbox/Content/Mods/UIMod_Hosav/UMGColorPicker/UMG/ColorPickerWidget_CorruptionColor.uexp,,52AFE2574F522FD354341B824E4CFCCC,A:
ConanSandbox/Content/Mods/UIMod_Hosav/UMGColorPicker/UMG/ColorPickerWidget_CorruptionColor.uexp,,71E1F75D41363826AEE078A154CA3EF5,Hex:
ConanSandbox/Content/Mods/UIMod_Hosav/UMGColorPicker/UMG/ColorPickerWidget_DetailFont.uexp,,EEAC844B47F280444012EC82A428269F,Click to restore old color
ConanSandbox/Content/Mods/UIMod_Hosav/UMGColorPicker/UMG/ColorPickerWidget_DetailFont.uexp,,6BF4005549875E7B183269A8D6014C54,Random Color
ConanSandbox/Content/Mods/UIMod_Hosav/UMGColorPicker/UMG/ColorPickerWidget_DetailFont.uexp,,0698A5074F01C5007BE24FB418153169,Details Font Color
ConanSandbox/Content/Mods/UIMod_Hosav/UMGColorPicker/UMG/ColorPickerWidget_DetailFont.uexp,,F24C16FB4EB5F285D633B38CB9CCB666,Hexadecimal Value
ConanSandbox/Content/Mods/UIMod_Hosav/UMGColorPicker/UMG/ColorPickerWidget_DetailFont.uexp,,83636CCF4E05558A237D2BA2FC0BEE55,Saturation
ConanSandbox/Content/Mods/UIMod_Hosav/UMGColorPicker/UMG/ColorPickerWidget_DetailFont.uexp,,14F8E1624BA490CDDE757AAA7230E6B8,Value
ConanSandbox/Content/Mods/UIMod_Hosav/UMGColorPicker/UMG/ColorPickerWidget_DetailFont.uexp,,82F4BF9A4CB7F37F2A17CDAEE7CC7ABD,Alpha Channel
ConanSandbox/Content/Mods/UIMod_Hosav/UMGColorPicker/UMG/ColorPickerWidget_DetailFont.uexp,,EB7D397641AE4F61185ABB9D9AC747A4,HUE
ConanSandbox/Content/Mods/UIMod_Hosav/UMGColorPicker/UMG/ColorPickerWidget_DetailFont.uexp,,81B31DD048DBB90F1557668E4C26A4AF,Blue Channel
ConanSandbox/Content/Mods/UIMod_Hosav/UMGColorPicker/UMG/ColorPickerWidget_DetailFont.uexp,,9CA8A3724249076156EB3DB56CB38C9D,Green Channel
ConanSandbox/Content/Mods/UIMod_Hosav/UMGColorPicker/UMG/ColorPickerWidget_DetailFont.uexp,,2E7D8F6F428D77729385F3880102F600,Red Channel
ConanSandbox/Content/Mods/UIMod_Hosav/UMGColorPicker/UMG/ColorPickerWidget_DetailFont.uexp,,522C803B47606031ED616297BC6FC4F5,Saturation
ConanSandbox/Content/Mods/UIMod_Hosav/UMGColorPicker/UMG/ColorPickerWidget_DetailFont.uexp,,837FE6F447200D9A168E898752247120,Value
ConanSandbox/Content/Mods/UIMod_Hosav/UMGColorPicker/UMG/ColorPickerWidget_DetailFont.uexp,,2A9A916C457E0E8DAA46B3911DD68A89,New
ConanSandbox/Content/Mods/UIMod_Hosav/UMGColorPicker/UMG/ColorPickerWidget_DetailFont.uexp,,9A63DA5448910C22A768349669AC980B,Old
ConanSandbox/Content/Mods/UIMod_Hosav/UMGColorPicker/UMG/ColorPickerWidget_DetailFont.uexp,,912B52D94614452B5D8E08BBEF1F5E52,V:
ConanSandbox/Content/Mods/UIMod_Hosav/UMGColorPicker/UMG/ColorPickerWidget_DetailFont.uexp,,CA47313F44D79F7EC65CB2A3A0DD400A,R:
ConanSandbox/Content/Mods/UIMod_Hosav/UMGColorPicker/UMG/ColorPickerWidget_DetailFont.uexp,,F5B432CE41C7026B3EC919BE13FECB56,Color Picker Mount Endurance Bar
ConanSandbox/Content/Mods/UIMod_Hosav/UMGColorPicker/UMG/ColorPickerWidget_DetailFont.uexp,,EC4017E1494D5DB9AA20F3912D373B7B,OK
ConanSandbox/Content/Mods/UIMod_Hosav/UMGColorPicker/UMG/ColorPickerWidget_DetailFont.uexp,,71EFCE1B436006413361988B202675B6,Cancel
ConanSandbox/Content/Mods/UIMod_Hosav/UMGColorPicker/UMG/ColorPickerWidget_DetailFont.uexp,,9EC3B94B471C27AEFE5072BE6CA5E84A,G:
ConanSandbox/Content/Mods/UIMod_Hosav/UMGColorPicker/UMG/ColorPickerWidget_DetailFont.uexp,,1C9B5BF74695FC52B947B0A862644767,H:
ConanSandbox/Content/Mods/UIMod_Hosav/UMGColorPicker/UMG/ColorPickerWidget_DetailFont.uexp,,E3CC49AB4D286904356668B3F8A4E5F9,B:
ConanSandbox/Content/Mods/UIMod_Hosav/UMGColorPicker/UMG/ColorPickerWidget_DetailFont.uexp,,606FE29D4D99ABE6F4FA168290264B6A,S:
ConanSandbox/Content/Mods/UIMod_Hosav/UMGColorPicker/UMG/ColorPickerWidget_DetailFont.uexp,,52AFE2574F522FD354341B824E4CFCCC,A:
ConanSandbox/Content/Mods/UIMod_Hosav/UMGColorPicker/UMG/ColorPickerWidget_DetailFont.uexp,,71E1F75D41363826AEE078A154CA3EF5,Hex:
ConanSandbox/Content/Mods/UIMod_Hosav/UMGColorPicker/UMG/ColorPickerWidget_DmgIndicator.uexp,,EEAC844B47F280444012EC82A428269F,Click to restore old color
ConanSandbox/Content/Mods/UIMod_Hosav/UMGColorPicker/UMG/ColorPickerWidget_DmgIndicator.uexp,,6BF4005549875E7B183269A8D6014C54,Random Color
ConanSandbox/Content/Mods/UIMod_Hosav/UMGColorPicker/UMG/ColorPickerWidget_DmgIndicator.uexp,,2EF67C3441EF2D84D69D11910DFD4697,Damage Indicator Color
ConanSandbox/Content/Mods/UIMod_Hosav/UMGColorPicker/UMG/ColorPickerWidget_DmgIndicator.uexp,,F24C16FB4EB5F285D633B38CB9CCB666,Hexadecimal Value
ConanSandbox/Content/Mods/UIMod_Hosav/UMGColorPicker/UMG/ColorPickerWidget_DmgIndicator.uexp,,83636CCF4E05558A237D2BA2FC0BEE55,Saturation
ConanSandbox/Content/Mods/UIMod_Hosav/UMGColorPicker/UMG/ColorPickerWidget_DmgIndicator.uexp,,14F8E1624BA490CDDE757AAA7230E6B8,Value
ConanSandbox/Content/Mods/UIMod_Hosav/UMGColorPicker/UMG/ColorPickerWidget_DmgIndicator.uexp,,82F4BF9A4CB7F37F2A17CDAEE7CC7ABD,Alpha Channel
ConanSandbox/Content/Mods/UIMod_Hosav/UMGColorPicker/UMG/ColorPickerWidget_DmgIndicator.uexp,,EB7D397641AE4F61185ABB9D9AC747A4,HUE
ConanSandbox/Content/Mods/UIMod_Hosav/UMGColorPicker/UMG/ColorPickerWidget_DmgIndicator.uexp,,81B31DD048DBB90F1557668E4C26A4AF,Blue Channel
ConanSandbox/Content/Mods/UIMod_Hosav/UMGColorPicker/UMG/ColorPickerWidget_DmgIndicator.uexp,,9CA8A3724249076156EB3DB56CB38C9D,Green Channel
ConanSandbox/Content/Mods/UIMod_Hosav/UMGColorPicker/UMG/ColorPickerWidget_DmgIndicator.uexp,,2E7D8F6F428D77729385F3880102F600,Red Channel
ConanSandbox/Content/Mods/UIMod_Hosav/UMGColorPicker/UMG/ColorPickerWidget_DmgIndicator.uexp,,522C803B47606031ED616297BC6FC4F5,Saturation
ConanSandbox/Content/Mods/UIMod_Hosav/UMGColorPicker/UMG/ColorPickerWidget_DmgIndicator.uexp,,837FE6F447200D9A168E898752247120,Value
ConanSandbox/Content/Mods/UIMod_Hosav/UMGColorPicker/UMG/ColorPickerWidget_DmgIndicator.uexp,,2A9A916C457E0E8DAA46B3911DD68A89,New
ConanSandbox/Content/Mods/UIMod_Hosav/UMGColorPicker/UMG/ColorPickerWidget_DmgIndicator.uexp,,9A63DA5448910C22A768349669AC980B,Old
ConanSandbox/Content/Mods/UIMod_Hosav/UMGColorPicker/UMG/ColorPickerWidget_DmgIndicator.uexp,,912B52D94614452B5D8E08BBEF1F5E52,V:
ConanSandbox/Content/Mods/UIMod_Hosav/UMGColorPicker/UMG/ColorPickerWidget_DmgIndicator.uexp,,CA47313F44D79F7EC65CB2A3A0DD400A,R:
ConanSandbox/Content/Mods/UIMod_Hosav/UMGColorPicker/UMG/ColorPickerWidget_DmgIndicator.uexp,,9AA5CE0C47605642C047FA93301CDB96,Color Picker Mount Endurance Bar
ConanSandbox/Content/Mods/UIMod_Hosav/UMGColorPicker/UMG/ColorPickerWidget_DmgIndicator.uexp,,EC4017E1494D5DB9AA20F3912D373B7B,OK
ConanSandbox/Content/Mods/UIMod_Hosav/UMGColorPicker/UMG/ColorPickerWidget_DmgIndicator.uexp,,71EFCE1B436006413361988B202675B6,Cancel
ConanSandbox/Content/Mods/UIMod_Hosav/UMGColorPicker/UMG/ColorPickerWidget_DmgIndicator.uexp,,9EC3B94B471C27AEFE5072BE6CA5E84A,G:
ConanSandbox/Content/Mods/UIMod_Hosav/UMGColorPicker/UMG/ColorPickerWidget_DmgIndicator.uexp,,1C9B5BF74695FC52B947B0A862644767,H:
ConanSandbox/Content/Mods/UIMod_Hosav/UMGColorPicker/UMG/ColorPickerWidget_DmgIndicator.uexp,,E3CC49AB4D286904356668B3F8A4E5F9,B:
ConanSandbox/Content/Mods/UIMod_Hosav/UMGColorPicker/UMG/ColorPickerWidget_DmgIndicator.uexp,,606FE29D4D99ABE6F4FA168290264B6A,S:
ConanSandbox/Content/Mods/UIMod_Hosav/UMGColorPicker/UMG/ColorPickerWidget_DmgIndicator.uexp,,52AFE2574F522FD354341B824E4CFCCC,A:
ConanSandbox/Content/Mods/UIMod_Hosav/UMGColorPicker/UMG/ColorPickerWidget_DmgIndicator.uexp,,71E1F75D41363826AEE078A154CA3EF5,Hex:
ConanSandbox/Content/Mods/UIMod_Hosav/UMGColorPicker/UMG/ColorPickerWidget_DmgIndicator_Ally.uexp,,EEAC844B47F280444012EC82A428269F,Click to restore old color
ConanSandbox/Content/Mods/UIMod_Hosav/UMGColorPicker/UMG/ColorPickerWidget_DmgIndicator_Ally.uexp,,6BF4005549875E7B183269A8D6014C54,Random Color
ConanSandbox/Content/Mods/UIMod_Hosav/UMGColorPicker/UMG/ColorPickerWidget_DmgIndicator_Ally.uexp,,C06D708B49E82991032E2E941A470491,Damage Indicator Follower
ConanSandbox/Content/Mods/UIMod_Hosav/UMGColorPicker/UMG/ColorPickerWidget_DmgIndicator_Ally.uexp,,F24C16FB4EB5F285D633B38CB9CCB666,Hexadecimal Value
ConanSandbox/Content/Mods/UIMod_Hosav/UMGColorPicker/UMG/ColorPickerWidget_DmgIndicator_Ally.uexp,,83636CCF4E05558A237D2BA2FC0BEE55,Saturation
ConanSandbox/Content/Mods/UIMod_Hosav/UMGColorPicker/UMG/ColorPickerWidget_DmgIndicator_Ally.uexp,,14F8E1624BA490CDDE757AAA7230E6B8,Value
ConanSandbox/Content/Mods/UIMod_Hosav/UMGColorPicker/UMG/ColorPickerWidget_DmgIndicator_Ally.uexp,,82F4BF9A4CB7F37F2A17CDAEE7CC7ABD,Alpha Channel
ConanSandbox/Content/Mods/UIMod_Hosav/UMGColorPicker/UMG/ColorPickerWidget_DmgIndicator_Ally.uexp,,EB7D397641AE4F61185ABB9D9AC747A4,HUE
ConanSandbox/Content/Mods/UIMod_Hosav/UMGColorPicker/UMG/ColorPickerWidget_DmgIndicator_Ally.uexp,,81B31DD048DBB90F1557668E4C26A4AF,Blue Channel
ConanSandbox/Content/Mods/UIMod_Hosav/UMGColorPicker/UMG/ColorPickerWidget_DmgIndicator_Ally.uexp,,9CA8A3724249076156EB3DB56CB38C9D,Green Channel
ConanSandbox/Content/Mods/UIMod_Hosav/UMGColorPicker/UMG/ColorPickerWidget_DmgIndicator_Ally.uexp,,2E7D8F6F428D77729385F3880102F600,Red Channel
ConanSandbox/Content/Mods/UIMod_Hosav/UMGColorPicker/UMG/ColorPickerWidget_DmgIndicator_Ally.uexp,,522C803B47606031ED616297BC6FC4F5,Saturation
ConanSandbox/Content/Mods/UIMod_Hosav/UMGColorPicker/UMG/ColorPickerWidget_DmgIndicator_Ally.uexp,,837FE6F447200D9A168E898752247120,Value
ConanSandbox/Content/Mods/UIMod_Hosav/UMGColorPicker/UMG/ColorPickerWidget_DmgIndicator_Ally.uexp,,2A9A916C457E0E8DAA46B3911DD68A89,New
ConanSandbox/Content/Mods/UIMod_Hosav/UMGColorPicker/UMG/ColorPickerWidget_DmgIndicator_Ally.uexp,,9A63DA5448910C22A768349669AC980B,Old
ConanSandbox/Content/Mods/UIMod_Hosav/UMGColorPicker/UMG/ColorPickerWidget_DmgIndicator_Ally.uexp,,912B52D94614452B5D8E08BBEF1F5E52,V:
ConanSandbox/Content/Mods/UIMod_Hosav/UMGColorPicker/UMG/ColorPickerWidget_DmgIndicator_Ally.uexp,,CA47313F44D79F7EC65CB2A3A0DD400A,R:
ConanSandbox/Content/Mods/UIMod_Hosav/UMGColorPicker/UMG/ColorPickerWidget_DmgIndicator_Ally.uexp,,951E6B1E423C50641AA81EBD3D668FC1,Color Picker Mount Endurance Bar
ConanSandbox/Content/Mods/UIMod_Hosav/UMGColorPicker/UMG/ColorPickerWidget_DmgIndicator_Ally.uexp,,EC4017E1494D5DB9AA20F3912D373B7B,OK
ConanSandbox/Content/Mods/UIMod_Hosav/UMGColorPicker/UMG/ColorPickerWidget_DmgIndicator_Ally.uexp,,71EFCE1B436006413361988B202675B6,Cancel
ConanSandbox/Content/Mods/UIMod_Hosav/UMGColorPicker/UMG/ColorPickerWidget_DmgIndicator_Ally.uexp,,9EC3B94B471C27AEFE5072BE6CA5E84A,G:
ConanSandbox/Content/Mods/UIMod_Hosav/UMGColorPicker/UMG/ColorPickerWidget_DmgIndicator_Ally.uexp,,1C9B5BF74695FC52B947B0A862644767,H:
ConanSandbox/Content/Mods/UIMod_Hosav/UMGColorPicker/UMG/ColorPickerWidget_DmgIndicator_Ally.uexp,,E3CC49AB4D286904356668B3F8A4E5F9,B:
ConanSandbox/Content/Mods/UIMod_Hosav/UMGColorPicker/UMG/ColorPickerWidget_DmgIndicator_Ally.uexp,,606FE29D4D99ABE6F4FA168290264B6A,S:
ConanSandbox/Content/Mods/UIMod_Hosav/UMGColorPicker/UMG/ColorPickerWidget_DmgIndicator_Ally.uexp,,52AFE2574F522FD354341B824E4CFCCC,A:
ConanSandbox/Content/Mods/UIMod_Hosav/UMGColorPicker/UMG/ColorPickerWidget_DmgIndicator_Ally.uexp,,71E1F75D41363826AEE078A154CA3EF5,Hex:
ConanSandbox/Content/Mods/UIMod_Hosav/UMGColorPicker/UMG/ColorPickerWidget_DmgIndicator_Log.uexp,,EEAC844B47F280444012EC82A428269F,Click to restore old color
ConanSandbox/Content/Mods/UIMod_Hosav/UMGColorPicker/UMG/ColorPickerWidget_DmgIndicator_Log.uexp,,6BF4005549875E7B183269A8D6014C54,Random Color
ConanSandbox/Content/Mods/UIMod_Hosav/UMGColorPicker/UMG/ColorPickerWidget_DmgIndicator_Log.uexp,,25D6720D4E26F4EEA3D3E790C2CB36E4,Damage Indicator Log
ConanSandbox/Content/Mods/UIMod_Hosav/UMGColorPicker/UMG/ColorPickerWidget_DmgIndicator_Log.uexp,,F24C16FB4EB5F285D633B38CB9CCB666,Hexadecimal Value
ConanSandbox/Content/Mods/UIMod_Hosav/UMGColorPicker/UMG/ColorPickerWidget_DmgIndicator_Log.uexp,,83636CCF4E05558A237D2BA2FC0BEE55,Saturation
ConanSandbox/Content/Mods/UIMod_Hosav/UMGColorPicker/UMG/ColorPickerWidget_DmgIndicator_Log.uexp,,14F8E1624BA490CDDE757AAA7230E6B8,Value
ConanSandbox/Content/Mods/UIMod_Hosav/UMGColorPicker/UMG/ColorPickerWidget_DmgIndicator_Log.uexp,,82F4BF9A4CB7F37F2A17CDAEE7CC7ABD,Alpha Channel
ConanSandbox/Content/Mods/UIMod_Hosav/UMGColorPicker/UMG/ColorPickerWidget_DmgIndicator_Log.uexp,,EB7D397641AE4F61185ABB9D9AC747A4,HUE
ConanSandbox/Content/Mods/UIMod_Hosav/UMGColorPicker/UMG/ColorPickerWidget_DmgIndicator_Log.uexp,,81B31DD048DBB90F1557668E4C26A4AF,Blue Channel
ConanSandbox/Content/Mods/UIMod_Hosav/UMGColorPicker/UMG/ColorPickerWidget_DmgIndicator_Log.uexp,,9CA8A3724249076156EB3DB56CB38C9D,Green Channel
ConanSandbox/Content/Mods/UIMod_Hosav/UMGColorPicker/UMG/ColorPickerWidget_DmgIndicator_Log.uexp,,2E7D8F6F428D77729385F3880102F600,Red Channel
ConanSandbox/Content/Mods/UIMod_Hosav/UMGColorPicker/UMG/ColorPickerWidget_DmgIndicator_Log.uexp,,522C803B47606031ED616297BC6FC4F5,Saturation
ConanSandbox/Content/Mods/UIMod_Hosav/UMGColorPicker/UMG/ColorPickerWidget_DmgIndicator_Log.uexp,,837FE6F447200D9A168E898752247120,Value
ConanSandbox/Content/Mods/UIMod_Hosav/UMGColorPicker/UMG/ColorPickerWidget_DmgIndicator_Log.uexp,,2A9A916C457E0E8DAA46B3911DD68A89,New
ConanSandbox/Content/Mods/UIMod_Hosav/UMGColorPicker/UMG/ColorPickerWidget_DmgIndicator_Log.uexp,,9A63DA5448910C22A768349669AC980B,Old
ConanSandbox/Content/Mods/UIMod_Hosav/UMGColorPicker/UMG/ColorPickerWidget_DmgIndicator_Log.uexp,,912B52D94614452B5D8E08BBEF1F5E52,V:
ConanSandbox/Content/Mods/UIMod_Hosav/UMGColorPicker/UMG/ColorPickerWidget_DmgIndicator_Log.uexp,,CA47313F44D79F7EC65CB2A3A0DD400A,R:
ConanSandbox/Content/Mods/UIMod_Hosav/UMGColorPicker/UMG/ColorPickerWidget_DmgIndicator_Log.uexp,,169D80894C6A72CC4AD8A7A69A39A449,Color Picker Mount Endurance Bar
ConanSandbox/Content/Mods/UIMod_Hosav/UMGColorPicker/UMG/ColorPickerWidget_DmgIndicator_Log.uexp,,EC4017E1494D5DB9AA20F3912D373B7B,OK
ConanSandbox/Content/Mods/UIMod_Hosav/UMGColorPicker/UMG/ColorPickerWidget_DmgIndicator_Log.uexp,,71EFCE1B436006413361988B202675B6,Cancel
ConanSandbox/Content/Mods/UIMod_Hosav/UMGColorPicker/UMG/ColorPickerWidget_DmgIndicator_Log.uexp,,9EC3B94B471C27AEFE5072BE6CA5E84A,G:
ConanSandbox/Content/Mods/UIMod_Hosav/UMGColorPicker/UMG/ColorPickerWidget_DmgIndicator_Log.uexp,,1C9B5BF74695FC52B947B0A862644767,H:
ConanSandbox/Content/Mods/UIMod_Hosav/UMGColorPicker/UMG/ColorPickerWidget_DmgIndicator_Log.uexp,,E3CC49AB4D286904356668B3F8A4E5F9,B:
ConanSandbox/Content/Mods/UIMod_Hosav/UMGColorPicker/UMG/ColorPickerWidget_DmgIndicator_Log.uexp,,606FE29D4D99ABE6F4FA168290264B6A,S:
ConanSandbox/Content/Mods/UIMod_Hosav/UMGColorPicker/UMG/ColorPickerWidget_DmgIndicator_Log.uexp,,52AFE2574F522FD354341B824E4CFCCC,A:
ConanSandbox/Content/Mods/UIMod_Hosav/UMGColorPicker/UMG/ColorPickerWidget_DmgIndicator_Log.uexp,,71E1F75D41363826AEE078A154CA3EF5,Hex:
ConanSandbox/Content/Mods/UIMod_Hosav/UMGColorPicker/UMG/ColorPickerWidget_DmgIndicator_LogAlly.uexp,,EEAC844B47F280444012EC82A428269F,Click to restore old color
ConanSandbox/Content/Mods/UIMod_Hosav/UMGColorPicker/UMG/ColorPickerWidget_DmgIndicator_LogAlly.uexp,,6BF4005549875E7B183269A8D6014C54,Random Color
ConanSandbox/Content/Mods/UIMod_Hosav/UMGColorPicker/UMG/ColorPickerWidget_DmgIndicator_LogAlly.uexp,,4842EA9D4BEBECCCC68AC3AD4F7BB226,Damage Indicator Log for Follower
ConanSandbox/Content/Mods/UIMod_Hosav/UMGColorPicker/UMG/ColorPickerWidget_DmgIndicator_LogAlly.uexp,,F24C16FB4EB5F285D633B38CB9CCB666,Hexadecimal Value
ConanSandbox/Content/Mods/UIMod_Hosav/UMGColorPicker/UMG/ColorPickerWidget_DmgIndicator_LogAlly.uexp,,83636CCF4E05558A237D2BA2FC0BEE55,Saturation
ConanSandbox/Content/Mods/UIMod_Hosav/UMGColorPicker/UMG/ColorPickerWidget_DmgIndicator_LogAlly.uexp,,14F8E1624BA490CDDE757AAA7230E6B8,Value
ConanSandbox/Content/Mods/UIMod_Hosav/UMGColorPicker/UMG/ColorPickerWidget_DmgIndicator_LogAlly.uexp,,82F4BF9A4CB7F37F2A17CDAEE7CC7ABD,Alpha Channel
ConanSandbox/Content/Mods/UIMod_Hosav/UMGColorPicker/UMG/ColorPickerWidget_DmgIndicator_LogAlly.uexp,,EB7D397641AE4F61185ABB9D9AC747A4,HUE
ConanSandbox/Content/Mods/UIMod_Hosav/UMGColorPicker/UMG/ColorPickerWidget_DmgIndicator_LogAlly.uexp,,81B31DD048DBB90F1557668E4C26A4AF,Blue Channel
ConanSandbox/Content/Mods/UIMod_Hosav/UMGColorPicker/UMG/ColorPickerWidget_DmgIndicator_LogAlly.uexp,,9CA8A3724249076156EB3DB56CB38C9D,Green Channel
ConanSandbox/Content/Mods/UIMod_Hosav/UMGColorPicker/UMG/ColorPickerWidget_DmgIndicator_LogAlly.uexp,,2E7D8F6F428D77729385F3880102F600,Red Channel
ConanSandbox/Content/Mods/UIMod_Hosav/UMGColorPicker/UMG/ColorPickerWidget_DmgIndicator_LogAlly.uexp,,522C803B47606031ED616297BC6FC4F5,Saturation
ConanSandbox/Content/Mods/UIMod_Hosav/UMGColorPicker/UMG/ColorPickerWidget_DmgIndicator_LogAlly.uexp,,837FE6F447200D9A168E898752247120,Value
ConanSandbox/Content/Mods/UIMod_Hosav/UMGColorPicker/UMG/ColorPickerWidget_DmgIndicator_LogAlly.uexp,,2A9A916C457E0E8DAA46B3911DD68A89,New
ConanSandbox/Content/Mods/UIMod_Hosav/UMGColorPicker/UMG/ColorPickerWidget_DmgIndicator_LogAlly.uexp,,9A63DA5448910C22A768349669AC980B,Old
ConanSandbox/Content/Mods/UIMod_Hosav/UMGColorPicker/UMG/ColorPickerWidget_DmgIndicator_LogAlly.uexp,,912B52D94614452B5D8E08BBEF1F5E52,V:
ConanSandbox/Content/Mods/UIMod_Hosav/UMGColorPicker/UMG/ColorPickerWidget_DmgIndicator_LogAlly.uexp,,CA47313F44D79F7EC65CB2A3A0DD400A,R:
ConanSandbox/Content/Mods/UIMod_Hosav/UMGColorPicker/UMG/ColorPickerWidget_DmgIndicator_LogAlly.uexp,,1BCCF110493E9D751E22779AA7E76EF6,Color Picker Mount Endurance Bar
ConanSandbox/Content/Mods/UIMod_Hosav/UMGColorPicker/UMG/ColorPickerWidget_DmgIndicator_LogAlly.uexp,,EC4017E1494D5DB9AA20F3912D373B7B,OK
ConanSandbox/Content/Mods/UIMod_Hosav/UMGColorPicker/UMG/ColorPickerWidget_DmgIndicator_LogAlly.uexp,,71EFCE1B436006413361988B202675B6,Cancel
ConanSandbox/Content/Mods/UIMod_Hosav/UMGColorPicker/UMG/ColorPickerWidget_DmgIndicator_LogAlly.uexp,,9EC3B94B471C27AEFE5072BE6CA5E84A,G:
ConanSandbox/Content/Mods/UIMod_Hosav/UMGColorPicker/UMG/ColorPickerWidget_DmgIndicator_LogAlly.uexp,,1C9B5BF74695FC52B947B0A862644767,H:
ConanSandbox/Content/Mods/UIMod_Hosav/UMGColorPicker/UMG/ColorPickerWidget_DmgIndicator_LogAlly.uexp,,E3CC49AB4D286904356668B3F8A4E5F9,B:
ConanSandbox/Content/Mods/UIMod_Hosav/UMGColorPicker/UMG/ColorPickerWidget_DmgIndicator_LogAlly.uexp,,606FE29D4D99ABE6F4FA168290264B6A,S:
ConanSandbox/Content/Mods/UIMod_Hosav/UMGColorPicker/UMG/ColorPickerWidget_DmgIndicator_LogAlly.uexp,,52AFE2574F522FD354341B824E4CFCCC,A:
ConanSandbox/Content/Mods/UIMod_Hosav/UMGColorPicker/UMG/ColorPickerWidget_DmgIndicator_LogAlly.uexp,,71E1F75D41363826AEE078A154CA3EF5,Hex:
ConanSandbox/Content/Mods/UIMod_Hosav/UMGColorPicker/UMG/ColorPickerWidget_Experience.uexp,,EEAC844B47F280444012EC82A428269F,Click to restore old color
ConanSandbox/Content/Mods/UIMod_Hosav/UMGColorPicker/UMG/ColorPickerWidget_Experience.uexp,,6BF4005549875E7B183269A8D6014C54,Random Color
ConanSandbox/Content/Mods/UIMod_Hosav/UMGColorPicker/UMG/ColorPickerWidget_Experience.uexp,,A676666144E0E453A1730789C56E2EBB,Experience Progress Color
ConanSandbox/Content/Mods/UIMod_Hosav/UMGColorPicker/UMG/ColorPickerWidget_Experience.uexp,,F24C16FB4EB5F285D633B38CB9CCB666,Hexadecimal Value
ConanSandbox/Content/Mods/UIMod_Hosav/UMGColorPicker/UMG/ColorPickerWidget_Experience.uexp,,83636CCF4E05558A237D2BA2FC0BEE55,Saturation
ConanSandbox/Content/Mods/UIMod_Hosav/UMGColorPicker/UMG/ColorPickerWidget_Experience.uexp,,14F8E1624BA490CDDE757AAA7230E6B8,Value
ConanSandbox/Content/Mods/UIMod_Hosav/UMGColorPicker/UMG/ColorPickerWidget_Experience.uexp,,82F4BF9A4CB7F37F2A17CDAEE7CC7ABD,Alpha Channel
ConanSandbox/Content/Mods/UIMod_Hosav/UMGColorPicker/UMG/ColorPickerWidget_Experience.uexp,,EB7D397641AE4F61185ABB9D9AC747A4,HUE
ConanSandbox/Content/Mods/UIMod_Hosav/UMGColorPicker/UMG/ColorPickerWidget_Experience.uexp,,81B31DD048DBB90F1557668E4C26A4AF,Blue Channel
ConanSandbox/Content/Mods/UIMod_Hosav/UMGColorPicker/UMG/ColorPickerWidget_Experience.uexp,,9CA8A3724249076156EB3DB56CB38C9D,Green Channel
ConanSandbox/Content/Mods/UIMod_Hosav/UMGColorPicker/UMG/ColorPickerWidget_Experience.uexp,,2E7D8F6F428D77729385F3880102F600,Red Channel
ConanSandbox/Content/Mods/UIMod_Hosav/UMGColorPicker/UMG/ColorPickerWidget_Experience.uexp,,522C803B47606031ED616297BC6FC4F5,Saturation
ConanSandbox/Content/Mods/UIMod_Hosav/UMGColorPicker/UMG/ColorPickerWidget_Experience.uexp,,837FE6F447200D9A168E898752247120,Value
ConanSandbox/Content/Mods/UIMod_Hosav/UMGColorPicker/UMG/ColorPickerWidget_Experience.uexp,,2A9A916C457E0E8DAA46B3911DD68A89,New
ConanSandbox/Content/Mods/UIMod_Hosav/UMGColorPicker/UMG/ColorPickerWidget_Experience.uexp,,9A63DA5448910C22A768349669AC980B,Old
ConanSandbox/Content/Mods/UIMod_Hosav/UMGColorPicker/UMG/ColorPickerWidget_Experience.uexp,,912B52D94614452B5D8E08BBEF1F5E52,V:
ConanSandbox/Content/Mods/UIMod_Hosav/UMGColorPicker/UMG/ColorPickerWidget_Experience.uexp,,CA47313F44D79F7EC65CB2A3A0DD400A,R:
ConanSandbox/Content/Mods/UIMod_Hosav/UMGColorPicker/UMG/ColorPickerWidget_Experience.uexp,,1EC7B92F45BC23DC9CF377A28F416B04,Color Picker Stamina Bar
ConanSandbox/Content/Mods/UIMod_Hosav/UMGColorPicker/UMG/ColorPickerWidget_Experience.uexp,,EC4017E1494D5DB9AA20F3912D373B7B,OK
ConanSandbox/Content/Mods/UIMod_Hosav/UMGColorPicker/UMG/ColorPickerWidget_Experience.uexp,,71EFCE1B436006413361988B202675B6,Cancel
ConanSandbox/Content/Mods/UIMod_Hosav/UMGColorPicker/UMG/ColorPickerWidget_Experience.uexp,,9EC3B94B471C27AEFE5072BE6CA5E84A,G:
ConanSandbox/Content/Mods/UIMod_Hosav/UMGColorPicker/UMG/ColorPickerWidget_Experience.uexp,,1C9B5BF74695FC52B947B0A862644767,H:
ConanSandbox/Content/Mods/UIMod_Hosav/UMGColorPicker/UMG/ColorPickerWidget_Experience.uexp,,E3CC49AB4D286904356668B3F8A4E5F9,B:
ConanSandbox/Content/Mods/UIMod_Hosav/UMGColorPicker/UMG/ColorPickerWidget_Experience.uexp,,606FE29D4D99ABE6F4FA168290264B6A,S:
ConanSandbox/Content/Mods/UIMod_Hosav/UMGColorPicker/UMG/ColorPickerWidget_Experience.uexp,,52AFE2574F522FD354341B824E4CFCCC,A:
ConanSandbox/Content/Mods/UIMod_Hosav/UMGColorPicker/UMG/ColorPickerWidget_Experience.uexp,,71E1F75D41363826AEE078A154CA3EF5,Hex:
ConanSandbox/Content/Mods/UIMod_Hosav/UMGColorPicker/UMG/ColorPickerWidget_MinimapColor.uexp,,EEAC844B47F280444012EC82A428269F,Click to restore old color
ConanSandbox/Content/Mods/UIMod_Hosav/UMGColorPicker/UMG/ColorPickerWidget_MinimapColor.uexp,,6BF4005549875E7B183269A8D6014C54,Random Color
ConanSandbox/Content/Mods/UIMod_Hosav/UMGColorPicker/UMG/ColorPickerWidget_MinimapColor.uexp,,61ED52A5411230B2FAA5C9BAF7512E1A,Minimap Border Color
ConanSandbox/Content/Mods/UIMod_Hosav/UMGColorPicker/UMG/ColorPickerWidget_MinimapColor.uexp,,F24C16FB4EB5F285D633B38CB9CCB666,Hexadecimal Value
ConanSandbox/Content/Mods/UIMod_Hosav/UMGColorPicker/UMG/ColorPickerWidget_MinimapColor.uexp,,83636CCF4E05558A237D2BA2FC0BEE55,Saturation
ConanSandbox/Content/Mods/UIMod_Hosav/UMGColorPicker/UMG/ColorPickerWidget_MinimapColor.uexp,,14F8E1624BA490CDDE757AAA7230E6B8,Value
ConanSandbox/Content/Mods/UIMod_Hosav/UMGColorPicker/UMG/ColorPickerWidget_MinimapColor.uexp,,82F4BF9A4CB7F37F2A17CDAEE7CC7ABD,Alpha Channel
ConanSandbox/Content/Mods/UIMod_Hosav/UMGColorPicker/UMG/ColorPickerWidget_MinimapColor.uexp,,EB7D397641AE4F61185ABB9D9AC747A4,HUE
ConanSandbox/Content/Mods/UIMod_Hosav/UMGColorPicker/UMG/ColorPickerWidget_MinimapColor.uexp,,81B31DD048DBB90F1557668E4C26A4AF,Blue Channel
ConanSandbox/Content/Mods/UIMod_Hosav/UMGColorPicker/UMG/ColorPickerWidget_MinimapColor.uexp,,9CA8A3724249076156EB3DB56CB38C9D,Green Channel
ConanSandbox/Content/Mods/UIMod_Hosav/UMGColorPicker/UMG/ColorPickerWidget_MinimapColor.uexp,,2E7D8F6F428D77729385F3880102F600,Red Channel
ConanSandbox/Content/Mods/UIMod_Hosav/UMGColorPicker/UMG/ColorPickerWidget_MinimapColor.uexp,,522C803B47606031ED616297BC6FC4F5,Saturation
ConanSandbox/Content/Mods/UIMod_Hosav/UMGColorPicker/UMG/ColorPickerWidget_MinimapColor.uexp,,837FE6F447200D9A168E898752247120,Value
ConanSandbox/Content/Mods/UIMod_Hosav/UMGColorPicker/UMG/ColorPickerWidget_MinimapColor.uexp,,2A9A916C457E0E8DAA46B3911DD68A89,New
ConanSandbox/Content/Mods/UIMod_Hosav/UMGColorPicker/UMG/ColorPickerWidget_MinimapColor.uexp,,9A63DA5448910C22A768349669AC980B,Old
ConanSandbox/Content/Mods/UIMod_Hosav/UMGColorPicker/UMG/ColorPickerWidget_MinimapColor.uexp,,912B52D94614452B5D8E08BBEF1F5E52,V:
ConanSandbox/Content/Mods/UIMod_Hosav/UMGColorPicker/UMG/ColorPickerWidget_MinimapColor.uexp,,CA47313F44D79F7EC65CB2A3A0DD400A,R:
ConanSandbox/Content/Mods/UIMod_Hosav/UMGColorPicker/UMG/ColorPickerWidget_MinimapColor.uexp,,B7855BEC442C55803E421B9E67471E6B,Color Picker Mount Endurance Bar
ConanSandbox/Content/Mods/UIMod_Hosav/UMGColorPicker/UMG/ColorPickerWidget_MinimapColor.uexp,,EC4017E1494D5DB9AA20F3912D373B7B,OK
ConanSandbox/Content/Mods/UIMod_Hosav/UMGColorPicker/UMG/ColorPickerWidget_MinimapColor.uexp,,71EFCE1B436006413361988B202675B6,Cancel
ConanSandbox/Content/Mods/UIMod_Hosav/UMGColorPicker/UMG/ColorPickerWidget_MinimapColor.uexp,,9EC3B94B471C27AEFE5072BE6CA5E84A,G:
ConanSandbox/Content/Mods/UIMod_Hosav/UMGColorPicker/UMG/ColorPickerWidget_MinimapColor.uexp,,1C9B5BF74695FC52B947B0A862644767,H:
ConanSandbox/Content/Mods/UIMod_Hosav/UMGColorPicker/UMG/ColorPickerWidget_MinimapColor.uexp,,E3CC49AB4D286904356668B3F8A4E5F9,B:
ConanSandbox/Content/Mods/UIMod_Hosav/UMGColorPicker/UMG/ColorPickerWidget_MinimapColor.uexp,,606FE29D4D99ABE6F4FA168290264B6A,S:
ConanSandbox/Content/Mods/UIMod_Hosav/UMGColorPicker/UMG/ColorPickerWidget_MinimapColor.uexp,,52AFE2574F522FD354341B824E4CFCCC,A:
ConanSandbox/Content/Mods/UIMod_Hosav/UMGColorPicker/UMG/ColorPickerWidget_MinimapColor.uexp,,71E1F75D41363826AEE078A154CA3EF5,Hex:
ConanSandbox/Content/Mods/UIMod_Hosav/UMGColorPicker/UMG/ColorPickerWidget_MountEndurance.uexp,,EEAC844B47F280444012EC82A428269F,Click to restore old color
ConanSandbox/Content/Mods/UIMod_Hosav/UMGColorPicker/UMG/ColorPickerWidget_MountEndurance.uexp,,6BF4005549875E7B183269A8D6014C54,Random Color
ConanSandbox/Content/Mods/UIMod_Hosav/UMGColorPicker/UMG/ColorPickerWidget_MountEndurance.uexp,,1C842DD142155700F8AC70BDD3A100F7,Mount Endurance Color
ConanSandbox/Content/Mods/UIMod_Hosav/UMGColorPicker/UMG/ColorPickerWidget_MountEndurance.uexp,,F24C16FB4EB5F285D633B38CB9CCB666,Hexadecimal Value
ConanSandbox/Content/Mods/UIMod_Hosav/UMGColorPicker/UMG/ColorPickerWidget_MountEndurance.uexp,,83636CCF4E05558A237D2BA2FC0BEE55,Saturation
ConanSandbox/Content/Mods/UIMod_Hosav/UMGColorPicker/UMG/ColorPickerWidget_MountEndurance.uexp,,14F8E1624BA490CDDE757AAA7230E6B8,Value
ConanSandbox/Content/Mods/UIMod_Hosav/UMGColorPicker/UMG/ColorPickerWidget_MountEndurance.uexp,,82F4BF9A4CB7F37F2A17CDAEE7CC7ABD,Alpha Channel
ConanSandbox/Content/Mods/UIMod_Hosav/UMGColorPicker/UMG/ColorPickerWidget_MountEndurance.uexp,,EB7D397641AE4F61185ABB9D9AC747A4,HUE
ConanSandbox/Content/Mods/UIMod_Hosav/UMGColorPicker/UMG/ColorPickerWidget_MountEndurance.uexp,,81B31DD048DBB90F1557668E4C26A4AF,Blue Channel
ConanSandbox/Content/Mods/UIMod_Hosav/UMGColorPicker/UMG/ColorPickerWidget_MountEndurance.uexp,,9CA8A3724249076156EB3DB56CB38C9D,Green Channel
ConanSandbox/Content/Mods/UIMod_Hosav/UMGColorPicker/UMG/ColorPickerWidget_MountEndurance.uexp,,2E7D8F6F428D77729385F3880102F600,Red Channel
ConanSandbox/Content/Mods/UIMod_Hosav/UMGColorPicker/UMG/ColorPickerWidget_MountEndurance.uexp,,522C803B47606031ED616297BC6FC4F5,Saturation
ConanSandbox/Content/Mods/UIMod_Hosav/UMGColorPicker/UMG/ColorPickerWidget_MountEndurance.uexp,,837FE6F447200D9A168E898752247120,Value
ConanSandbox/Content/Mods/UIMod_Hosav/UMGColorPicker/UMG/ColorPickerWidget_MountEndurance.uexp,,2A9A916C457E0E8DAA46B3911DD68A89,New
ConanSandbox/Content/Mods/UIMod_Hosav/UMGColorPicker/UMG/ColorPickerWidget_MountEndurance.uexp,,9A63DA5448910C22A768349669AC980B,Old
ConanSandbox/Content/Mods/UIMod_Hosav/UMGColorPicker/UMG/ColorPickerWidget_MountEndurance.uexp,,912B52D94614452B5D8E08BBEF1F5E52,V:
ConanSandbox/Content/Mods/UIMod_Hosav/UMGColorPicker/UMG/ColorPickerWidget_MountEndurance.uexp,,CA47313F44D79F7EC65CB2A3A0DD400A,R:
ConanSandbox/Content/Mods/UIMod_Hosav/UMGColorPicker/UMG/ColorPickerWidget_MountEndurance.uexp,,2B7BF8754AA1115C2E7548B0CEC42C2B,Color Picker Mount Endurance Bar
ConanSandbox/Content/Mods/UIMod_Hosav/UMGColorPicker/UMG/ColorPickerWidget_MountEndurance.uexp,,EC4017E1494D5DB9AA20F3912D373B7B,OK
ConanSandbox/Content/Mods/UIMod_Hosav/UMGColorPicker/UMG/ColorPickerWidget_MountEndurance.uexp,,71EFCE1B436006413361988B202675B6,Cancel
ConanSandbox/Content/Mods/UIMod_Hosav/UMGColorPicker/UMG/ColorPickerWidget_MountEndurance.uexp,,9EC3B94B471C27AEFE5072BE6CA5E84A,G:
ConanSandbox/Content/Mods/UIMod_Hosav/UMGColorPicker/UMG/ColorPickerWidget_MountEndurance.uexp,,1C9B5BF74695FC52B947B0A862644767,H:
ConanSandbox/Content/Mods/UIMod_Hosav/UMGColorPicker/UMG/ColorPickerWidget_MountEndurance.uexp,,E3CC49AB4D286904356668B3F8A4E5F9,B:
ConanSandbox/Content/Mods/UIMod_Hosav/UMGColorPicker/UMG/ColorPickerWidget_MountEndurance.uexp,,606FE29D4D99ABE6F4FA168290264B6A,S:
ConanSandbox/Content/Mods/UIMod_Hosav/UMGColorPicker/UMG/ColorPickerWidget_MountEndurance.uexp,,52AFE2574F522FD354341B824E4CFCCC,A:
ConanSandbox/Content/Mods/UIMod_Hosav/UMGColorPicker/UMG/ColorPickerWidget_MountEndurance.uexp,,71E1F75D41363826AEE078A154CA3EF5,Hex:
ConanSandbox/Content/Mods/UIMod_Hosav/UMGColorPicker/UMG/ColorPickerWidget_MountHealth.uexp,,EEAC844B47F280444012EC82A428269F,Click to restore old color
ConanSandbox/Content/Mods/UIMod_Hosav/UMGColorPicker/UMG/ColorPickerWidget_MountHealth.uexp,,6BF4005549875E7B183269A8D6014C54,Random Color
ConanSandbox/Content/Mods/UIMod_Hosav/UMGColorPicker/UMG/ColorPickerWidget_MountHealth.uexp,,BB8AF02C434C783967D1159A95E40F0F,Mount Health Color
ConanSandbox/Content/Mods/UIMod_Hosav/UMGColorPicker/UMG/ColorPickerWidget_MountHealth.uexp,,F24C16FB4EB5F285D633B38CB9CCB666,Hexadecimal Value
ConanSandbox/Content/Mods/UIMod_Hosav/UMGColorPicker/UMG/ColorPickerWidget_MountHealth.uexp,,83636CCF4E05558A237D2BA2FC0BEE55,Saturation
ConanSandbox/Content/Mods/UIMod_Hosav/UMGColorPicker/UMG/ColorPickerWidget_MountHealth.uexp,,14F8E1624BA490CDDE757AAA7230E6B8,Value
ConanSandbox/Content/Mods/UIMod_Hosav/UMGColorPicker/UMG/ColorPickerWidget_MountHealth.uexp,,82F4BF9A4CB7F37F2A17CDAEE7CC7ABD,Alpha Channel
ConanSandbox/Content/Mods/UIMod_Hosav/UMGColorPicker/UMG/ColorPickerWidget_MountHealth.uexp,,EB7D397641AE4F61185ABB9D9AC747A4,HUE
ConanSandbox/Content/Mods/UIMod_Hosav/UMGColorPicker/UMG/ColorPickerWidget_MountHealth.uexp,,81B31DD048DBB90F1557668E4C26A4AF,Blue Channel
ConanSandbox/Content/Mods/UIMod_Hosav/UMGColorPicker/UMG/ColorPickerWidget_MountHealth.uexp,,9CA8A3724249076156EB3DB56CB38C9D,Green Channel
ConanSandbox/Content/Mods/UIMod_Hosav/UMGColorPicker/UMG/ColorPickerWidget_MountHealth.uexp,,2E7D8F6F428D77729385F3880102F600,Red Channel
ConanSandbox/Content/Mods/UIMod_Hosav/UMGColorPicker/UMG/ColorPickerWidget_MountHealth.uexp,,522C803B47606031ED616297BC6FC4F5,Saturation
ConanSandbox/Content/Mods/UIMod_Hosav/UMGColorPicker/UMG/ColorPickerWidget_MountHealth.uexp,,837FE6F447200D9A168E898752247120,Value
ConanSandbox/Content/Mods/UIMod_Hosav/UMGColorPicker/UMG/ColorPickerWidget_MountHealth.uexp,,2A9A916C457E0E8DAA46B3911DD68A89,New
ConanSandbox/Content/Mods/UIMod_Hosav/UMGColorPicker/UMG/ColorPickerWidget_MountHealth.uexp,,9A63DA5448910C22A768349669AC980B,Old
ConanSandbox/Content/Mods/UIMod_Hosav/UMGColorPicker/UMG/ColorPickerWidget_MountHealth.uexp,,912B52D94614452B5D8E08BBEF1F5E52,V:
ConanSandbox/Content/Mods/UIMod_Hosav/UMGColorPicker/UMG/ColorPickerWidget_MountHealth.uexp,,CA47313F44D79F7EC65CB2A3A0DD400A,R:
ConanSandbox/Content/Mods/UIMod_Hosav/UMGColorPicker/UMG/ColorPickerWidget_MountHealth.uexp,,5A8D0F3E47DC6D7E28038890F5ECD20F,Color Picker Mount Health Bar
ConanSandbox/Content/Mods/UIMod_Hosav/UMGColorPicker/UMG/ColorPickerWidget_MountHealth.uexp,,EC4017E1494D5DB9AA20F3912D373B7B,OK
ConanSandbox/Content/Mods/UIMod_Hosav/UMGColorPicker/UMG/ColorPickerWidget_MountHealth.uexp,,71EFCE1B436006413361988B202675B6,Cancel
ConanSandbox/Content/Mods/UIMod_Hosav/UMGColorPicker/UMG/ColorPickerWidget_MountHealth.uexp,,9EC3B94B471C27AEFE5072BE6CA5E84A,G:
ConanSandbox/Content/Mods/UIMod_Hosav/UMGColorPicker/UMG/ColorPickerWidget_MountHealth.uexp,,1C9B5BF74695FC52B947B0A862644767,H:
ConanSandbox/Content/Mods/UIMod_Hosav/UMGColorPicker/UMG/ColorPickerWidget_MountHealth.uexp,,E3CC49AB4D286904356668B3F8A4E5F9,B:
ConanSandbox/Content/Mods/UIMod_Hosav/UMGColorPicker/UMG/ColorPickerWidget_MountHealth.uexp,,606FE29D4D99ABE6F4FA168290264B6A,S:
ConanSandbox/Content/Mods/UIMod_Hosav/UMGColorPicker/UMG/ColorPickerWidget_MountHealth.uexp,,52AFE2574F522FD354341B824E4CFCCC,A:
ConanSandbox/Content/Mods/UIMod_Hosav/UMGColorPicker/UMG/ColorPickerWidget_MountHealth.uexp,,71E1F75D41363826AEE078A154CA3EF5,Hex:
ConanSandbox/Content/Mods/UIMod_Hosav/UMGColorPicker/UMG/ColorPickerWidget_MountLevelBackground.uexp,,EEAC844B47F280444012EC82A428269F,Click to restore old color
ConanSandbox/Content/Mods/UIMod_Hosav/UMGColorPicker/UMG/ColorPickerWidget_MountLevelBackground.uexp,,6BF4005549875E7B183269A8D6014C54,Random Color
ConanSandbox/Content/Mods/UIMod_Hosav/UMGColorPicker/UMG/ColorPickerWidget_MountLevelBackground.uexp,,559026784B2A6126F131B396418A012E,Mount Level Background Color
ConanSandbox/Content/Mods/UIMod_Hosav/UMGColorPicker/UMG/ColorPickerWidget_MountLevelBackground.uexp,,F24C16FB4EB5F285D633B38CB9CCB666,Hexadecimal Value
ConanSandbox/Content/Mods/UIMod_Hosav/UMGColorPicker/UMG/ColorPickerWidget_MountLevelBackground.uexp,,83636CCF4E05558A237D2BA2FC0BEE55,Saturation
ConanSandbox/Content/Mods/UIMod_Hosav/UMGColorPicker/UMG/ColorPickerWidget_MountLevelBackground.uexp,,14F8E1624BA490CDDE757AAA7230E6B8,Value
ConanSandbox/Content/Mods/UIMod_Hosav/UMGColorPicker/UMG/ColorPickerWidget_MountLevelBackground.uexp,,82F4BF9A4CB7F37F2A17CDAEE7CC7ABD,Alpha Channel
ConanSandbox/Content/Mods/UIMod_Hosav/UMGColorPicker/UMG/ColorPickerWidget_MountLevelBackground.uexp,,EB7D397641AE4F61185ABB9D9AC747A4,HUE
ConanSandbox/Content/Mods/UIMod_Hosav/UMGColorPicker/UMG/ColorPickerWidget_MountLevelBackground.uexp,,81B31DD048DBB90F1557668E4C26A4AF,Blue Channel
ConanSandbox/Content/Mods/UIMod_Hosav/UMGColorPicker/UMG/ColorPickerWidget_MountLevelBackground.uexp,,9CA8A3724249076156EB3DB56CB38C9D,Green Channel
ConanSandbox/Content/Mods/UIMod_Hosav/UMGColorPicker/UMG/ColorPickerWidget_MountLevelBackground.uexp,,2E7D8F6F428D77729385F3880102F600,Red Channel
ConanSandbox/Content/Mods/UIMod_Hosav/UMGColorPicker/UMG/ColorPickerWidget_MountLevelBackground.uexp,,522C803B47606031ED616297BC6FC4F5,Saturation
ConanSandbox/Content/Mods/UIMod_Hosav/UMGColorPicker/UMG/ColorPickerWidget_MountLevelBackground.uexp,,837FE6F447200D9A168E898752247120,Value
ConanSandbox/Content/Mods/UIMod_Hosav/UMGColorPicker/UMG/ColorPickerWidget_MountLevelBackground.uexp,,2A9A916C457E0E8DAA46B3911DD68A89,New
ConanSandbox/Content/Mods/UIMod_Hosav/UMGColorPicker/UMG/ColorPickerWidget_MountLevelBackground.uexp,,9A63DA5448910C22A768349669AC980B,Old
ConanSandbox/Content/Mods/UIMod_Hosav/UMGColorPicker/UMG/ColorPickerWidget_MountLevelBackground.uexp,,912B52D94614452B5D8E08BBEF1F5E52,V:
ConanSandbox/Content/Mods/UIMod_Hosav/UMGColorPicker/UMG/ColorPickerWidget_MountLevelBackground.uexp,,CA47313F44D79F7EC65CB2A3A0DD400A,R:
ConanSandbox/Content/Mods/UIMod_Hosav/UMGColorPicker/UMG/ColorPickerWidget_MountLevelBackground.uexp,,1C22D5694B72123CF723B08C2F73A285,Color Picker Mount Endurance Bar
ConanSandbox/Content/Mods/UIMod_Hosav/UMGColorPicker/UMG/ColorPickerWidget_MountLevelBackground.uexp,,EC4017E1494D5DB9AA20F3912D373B7B,OK
ConanSandbox/Content/Mods/UIMod_Hosav/UMGColorPicker/UMG/ColorPickerWidget_MountLevelBackground.uexp,,71EFCE1B436006413361988B202675B6,Cancel
ConanSandbox/Content/Mods/UIMod_Hosav/UMGColorPicker/UMG/ColorPickerWidget_MountLevelBackground.uexp,,9EC3B94B471C27AEFE5072BE6CA5E84A,G:
ConanSandbox/Content/Mods/UIMod_Hosav/UMGColorPicker/UMG/ColorPickerWidget_MountLevelBackground.uexp,,1C9B5BF74695FC52B947B0A862644767,H:
ConanSandbox/Content/Mods/UIMod_Hosav/UMGColorPicker/UMG/ColorPickerWidget_MountLevelBackground.uexp,,E3CC49AB4D286904356668B3F8A4E5F9,B:
ConanSandbox/Content/Mods/UIMod_Hosav/UMGColorPicker/UMG/ColorPickerWidget_MountLevelBackground.uexp,,606FE29D4D99ABE6F4FA168290264B6A,S:
ConanSandbox/Content/Mods/UIMod_Hosav/UMGColorPicker/UMG/ColorPickerWidget_MountLevelBackground.uexp,,52AFE2574F522FD354341B824E4CFCCC,A:
ConanSandbox/Content/Mods/UIMod_Hosav/UMGColorPicker/UMG/ColorPickerWidget_MountLevelBackground.uexp,,71E1F75D41363826AEE078A154CA3EF5,Hex:
ConanSandbox/Content/Mods/UIMod_Hosav/UMGColorPicker/UMG/ColorPickerWidget_Stamina.uexp,,EEAC844B47F280444012EC82A428269F,Click to restore old color
ConanSandbox/Content/Mods/UIMod_Hosav/UMGColorPicker/UMG/ColorPickerWidget_Stamina.uexp,,6BF4005549875E7B183269A8D6014C54,Random Color
ConanSandbox/Content/Mods/UIMod_Hosav/UMGColorPicker/UMG/ColorPickerWidget_Stamina.uexp,,C2B38996419B4266AD44C1A09CEBB68C,Staminabar Color
ConanSandbox/Content/Mods/UIMod_Hosav/UMGColorPicker/UMG/ColorPickerWidget_Stamina.uexp,,F24C16FB4EB5F285D633B38CB9CCB666,Hexadecimal Value
ConanSandbox/Content/Mods/UIMod_Hosav/UMGColorPicker/UMG/ColorPickerWidget_Stamina.uexp,,83636CCF4E05558A237D2BA2FC0BEE55,Saturation
ConanSandbox/Content/Mods/UIMod_Hosav/UMGColorPicker/UMG/ColorPickerWidget_Stamina.uexp,,14F8E1624BA490CDDE757AAA7230E6B8,Value
ConanSandbox/Content/Mods/UIMod_Hosav/UMGColorPicker/UMG/ColorPickerWidget_Stamina.uexp,,82F4BF9A4CB7F37F2A17CDAEE7CC7ABD,Alpha Channel
ConanSandbox/Content/Mods/UIMod_Hosav/UMGColorPicker/UMG/ColorPickerWidget_Stamina.uexp,,EB7D397641AE4F61185ABB9D9AC747A4,HUE
ConanSandbox/Content/Mods/UIMod_Hosav/UMGColorPicker/UMG/ColorPickerWidget_Stamina.uexp,,81B31DD048DBB90F1557668E4C26A4AF,Blue Channel
ConanSandbox/Content/Mods/UIMod_Hosav/UMGColorPicker/UMG/ColorPickerWidget_Stamina.uexp,,9CA8A3724249076156EB3DB56CB38C9D,Green Channel
ConanSandbox/Content/Mods/UIMod_Hosav/UMGColorPicker/UMG/ColorPickerWidget_Stamina.uexp,,2E7D8F6F428D77729385F3880102F600,Red Channel
ConanSandbox/Content/Mods/UIMod_Hosav/UMGColorPicker/UMG/ColorPickerWidget_Stamina.uexp,,522C803B47606031ED616297BC6FC4F5,Saturation
ConanSandbox/Content/Mods/UIMod_Hosav/UMGColorPicker/UMG/ColorPickerWidget_Stamina.uexp,,837FE6F447200D9A168E898752247120,Value
ConanSandbox/Content/Mods/UIMod_Hosav/UMGColorPicker/UMG/ColorPickerWidget_Stamina.uexp,,2A9A916C457E0E8DAA46B3911DD68A89,New
ConanSandbox/Content/Mods/UIMod_Hosav/UMGColorPicker/UMG/ColorPickerWidget_Stamina.uexp,,9A63DA5448910C22A768349669AC980B,Old
ConanSandbox/Content/Mods/UIMod_Hosav/UMGColorPicker/UMG/ColorPickerWidget_Stamina.uexp,,912B52D94614452B5D8E08BBEF1F5E52,V:
ConanSandbox/Content/Mods/UIMod_Hosav/UMGColorPicker/UMG/ColorPickerWidget_Stamina.uexp,,CA47313F44D79F7EC65CB2A3A0DD400A,R:
ConanSandbox/Content/Mods/UIMod_Hosav/UMGColorPicker/UMG/ColorPickerWidget_Stamina.uexp,,81A8FF4349573472034FD18FD5F285B5,Color Picker Stamina Bar
ConanSandbox/Content/Mods/UIMod_Hosav/UMGColorPicker/UMG/ColorPickerWidget_Stamina.uexp,,EC4017E1494D5DB9AA20F3912D373B7B,OK
ConanSandbox/Content/Mods/UIMod_Hosav/UMGColorPicker/UMG/ColorPickerWidget_Stamina.uexp,,71EFCE1B436006413361988B202675B6,Cancel
ConanSandbox/Content/Mods/UIMod_Hosav/UMGColorPicker/UMG/ColorPickerWidget_Stamina.uexp,,9EC3B94B471C27AEFE5072BE6CA5E84A,G:
ConanSandbox/Content/Mods/UIMod_Hosav/UMGColorPicker/UMG/ColorPickerWidget_Stamina.uexp,,1C9B5BF74695FC52B947B0A862644767,H:
ConanSandbox/Content/Mods/UIMod_Hosav/UMGColorPicker/UMG/ColorPickerWidget_Stamina.uexp,,E3CC49AB4D286904356668B3F8A4E5F9,B:
ConanSandbox/Content/Mods/UIMod_Hosav/UMGColorPicker/UMG/ColorPickerWidget_Stamina.uexp,,606FE29D4D99ABE6F4FA168290264B6A,S:
ConanSandbox/Content/Mods/UIMod_Hosav/UMGColorPicker/UMG/ColorPickerWidget_Stamina.uexp,,52AFE2574F522FD354341B824E4CFCCC,A:
ConanSandbox/Content/Mods/UIMod_Hosav/UMGColorPicker/UMG/ColorPickerWidget_Stamina.uexp,,71E1F75D41363826AEE078A154CA3EF5,Hex:
ConanSandbox/Content/Mods/UIMod_Hosav/UMGColorPicker/UMG/ColorPickerWidget_StatTextColor.uexp,,EEAC844B47F280444012EC82A428269F,Click to restore old color
ConanSandbox/Content/Mods/UIMod_Hosav/UMGColorPicker/UMG/ColorPickerWidget_StatTextColor.uexp,,6BF4005549875E7B183269A8D6014C54,Random Color
ConanSandbox/Content/Mods/UIMod_Hosav/UMGColorPicker/UMG/ColorPickerWidget_StatTextColor.uexp,,8BBD50364F47CD882A3EF89F2116FAD2,Health/Stamina/Endurance Color
ConanSandbox/Content/Mods/UIMod_Hosav/UMGColorPicker/UMG/ColorPickerWidget_StatTextColor.uexp,,F24C16FB4EB5F285D633B38CB9CCB666,Hexadecimal Value
ConanSandbox/Content/Mods/UIMod_Hosav/UMGColorPicker/UMG/ColorPickerWidget_StatTextColor.uexp,,83636CCF4E05558A237D2BA2FC0BEE55,Saturation
ConanSandbox/Content/Mods/UIMod_Hosav/UMGColorPicker/UMG/ColorPickerWidget_StatTextColor.uexp,,14F8E1624BA490CDDE757AAA7230E6B8,Value
ConanSandbox/Content/Mods/UIMod_Hosav/UMGColorPicker/UMG/ColorPickerWidget_StatTextColor.uexp,,82F4BF9A4CB7F37F2A17CDAEE7CC7ABD,Alpha Channel
ConanSandbox/Content/Mods/UIMod_Hosav/UMGColorPicker/UMG/ColorPickerWidget_StatTextColor.uexp,,EB7D397641AE4F61185ABB9D9AC747A4,HUE
ConanSandbox/Content/Mods/UIMod_Hosav/UMGColorPicker/UMG/ColorPickerWidget_StatTextColor.uexp,,81B31DD048DBB90F1557668E4C26A4AF,Blue Channel
ConanSandbox/Content/Mods/UIMod_Hosav/UMGColorPicker/UMG/ColorPickerWidget_StatTextColor.uexp,,9CA8A3724249076156EB3DB56CB38C9D,Green Channel
ConanSandbox/Content/Mods/UIMod_Hosav/UMGColorPicker/UMG/ColorPickerWidget_StatTextColor.uexp,,2E7D8F6F428D77729385F3880102F600,Red Channel
ConanSandbox/Content/Mods/UIMod_Hosav/UMGColorPicker/UMG/ColorPickerWidget_StatTextColor.uexp,,522C803B47606031ED616297BC6FC4F5,Saturation
ConanSandbox/Content/Mods/UIMod_Hosav/UMGColorPicker/UMG/ColorPickerWidget_StatTextColor.uexp,,837FE6F447200D9A168E898752247120,Value
ConanSandbox/Content/Mods/UIMod_Hosav/UMGColorPicker/UMG/ColorPickerWidget_StatTextColor.uexp,,2A9A916C457E0E8DAA46B3911DD68A89,New
ConanSandbox/Content/Mods/UIMod_Hosav/UMGColorPicker/UMG/ColorPickerWidget_StatTextColor.uexp,,9A63DA5448910C22A768349669AC980B,Old
ConanSandbox/Content/Mods/UIMod_Hosav/UMGColorPicker/UMG/ColorPickerWidget_StatTextColor.uexp,,912B52D94614452B5D8E08BBEF1F5E52,V:
ConanSandbox/Content/Mods/UIMod_Hosav/UMGColorPicker/UMG/ColorPickerWidget_StatTextColor.uexp,,CA47313F44D79F7EC65CB2A3A0DD400A,R:
ConanSandbox/Content/Mods/UIMod_Hosav/UMGColorPicker/UMG/ColorPickerWidget_StatTextColor.uexp,,3323E20B417CCC2111FAA7827FC0C5A2,Color Picker Mount Endurance Bar
ConanSandbox/Content/Mods/UIMod_Hosav/UMGColorPicker/UMG/ColorPickerWidget_StatTextColor.uexp,,EC4017E1494D5DB9AA20F3912D373B7B,OK
ConanSandbox/Content/Mods/UIMod_Hosav/UMGColorPicker/UMG/ColorPickerWidget_StatTextColor.uexp,,71EFCE1B436006413361988B202675B6,Cancel
ConanSandbox/Content/Mods/UIMod_Hosav/UMGColorPicker/UMG/ColorPickerWidget_StatTextColor.uexp,,9EC3B94B471C27AEFE5072BE6CA5E84A,G:
ConanSandbox/Content/Mods/UIMod_Hosav/UMGColorPicker/UMG/ColorPickerWidget_StatTextColor.uexp,,1C9B5BF74695FC52B947B0A862644767,H:
ConanSandbox/Content/Mods/UIMod_Hosav/UMGColorPicker/UMG/ColorPickerWidget_StatTextColor.uexp,,E3CC49AB4D286904356668B3F8A4E5F9,B:
ConanSandbox/Content/Mods/UIMod_Hosav/UMGColorPicker/UMG/ColorPickerWidget_StatTextColor.uexp,,606FE29D4D99ABE6F4FA168290264B6A,S:
ConanSandbox/Content/Mods/UIMod_Hosav/UMGColorPicker/UMG/ColorPickerWidget_StatTextColor.uexp,,52AFE2574F522FD354341B824E4CFCCC,A:
ConanSandbox/Content/Mods/UIMod_Hosav/UMGColorPicker/UMG/ColorPickerWidget_StatTextColor.uexp,,71E1F75D41363826AEE078A154CA3EF5,Hex:
ConanSandbox/Content/Mods/UIMod_Hosav/UMGColorPicker/UMG/ColorPickerWidget_TargetHealthColor.uexp,,EEAC844B47F280444012EC82A428269F,Click to restore old color
ConanSandbox/Content/Mods/UIMod_Hosav/UMGColorPicker/UMG/ColorPickerWidget_TargetHealthColor.uexp,,6BF4005549875E7B183269A8D6014C54,Random Color
ConanSandbox/Content/Mods/UIMod_Hosav/UMGColorPicker/UMG/ColorPickerWidget_TargetHealthColor.uexp,,A616538B4EC43AB17CF21FB70EAC9B4E,Target Health Color
ConanSandbox/Content/Mods/UIMod_Hosav/UMGColorPicker/UMG/ColorPickerWidget_TargetHealthColor.uexp,,F24C16FB4EB5F285D633B38CB9CCB666,Hexadecimal Value
ConanSandbox/Content/Mods/UIMod_Hosav/UMGColorPicker/UMG/ColorPickerWidget_TargetHealthColor.uexp,,83636CCF4E05558A237D2BA2FC0BEE55,Saturation
ConanSandbox/Content/Mods/UIMod_Hosav/UMGColorPicker/UMG/ColorPickerWidget_TargetHealthColor.uexp,,14F8E1624BA490CDDE757AAA7230E6B8,Value
ConanSandbox/Content/Mods/UIMod_Hosav/UMGColorPicker/UMG/ColorPickerWidget_TargetHealthColor.uexp,,82F4BF9A4CB7F37F2A17CDAEE7CC7ABD,Alpha Channel
ConanSandbox/Content/Mods/UIMod_Hosav/UMGColorPicker/UMG/ColorPickerWidget_TargetHealthColor.uexp,,EB7D397641AE4F61185ABB9D9AC747A4,HUE
ConanSandbox/Content/Mods/UIMod_Hosav/UMGColorPicker/UMG/ColorPickerWidget_TargetHealthColor.uexp,,81B31DD048DBB90F1557668E4C26A4AF,Blue Channel
ConanSandbox/Content/Mods/UIMod_Hosav/UMGColorPicker/UMG/ColorPickerWidget_TargetHealthColor.uexp,,9CA8A3724249076156EB3DB56CB38C9D,Green Channel
ConanSandbox/Content/Mods/UIMod_Hosav/UMGColorPicker/UMG/ColorPickerWidget_TargetHealthColor.uexp,,2E7D8F6F428D77729385F3880102F600,Red Channel
ConanSandbox/Content/Mods/UIMod_Hosav/UMGColorPicker/UMG/ColorPickerWidget_TargetHealthColor.uexp,,522C803B47606031ED616297BC6FC4F5,Saturation
ConanSandbox/Content/Mods/UIMod_Hosav/UMGColorPicker/UMG/ColorPickerWidget_TargetHealthColor.uexp,,837FE6F447200D9A168E898752247120,Value
ConanSandbox/Content/Mods/UIMod_Hosav/UMGColorPicker/UMG/ColorPickerWidget_TargetHealthColor.uexp,,2A9A916C457E0E8DAA46B3911DD68A89,New
ConanSandbox/Content/Mods/UIMod_Hosav/UMGColorPicker/UMG/ColorPickerWidget_TargetHealthColor.uexp,,9A63DA5448910C22A768349669AC980B,Old
ConanSandbox/Content/Mods/UIMod_Hosav/UMGColorPicker/UMG/ColorPickerWidget_TargetHealthColor.uexp,,912B52D94614452B5D8E08BBEF1F5E52,V:
ConanSandbox/Content/Mods/UIMod_Hosav/UMGColorPicker/UMG/ColorPickerWidget_TargetHealthColor.uexp,,CA47313F44D79F7EC65CB2A3A0DD400A,R:
ConanSandbox/Content/Mods/UIMod_Hosav/UMGColorPicker/UMG/ColorPickerWidget_TargetHealthColor.uexp,,3118DE2247D3360D5B93EEB637CF07CC,Color Picker Mount Endurance Bar
ConanSandbox/Content/Mods/UIMod_Hosav/UMGColorPicker/UMG/ColorPickerWidget_TargetHealthColor.uexp,,EC4017E1494D5DB9AA20F3912D373B7B,OK
ConanSandbox/Content/Mods/UIMod_Hosav/UMGColorPicker/UMG/ColorPickerWidget_TargetHealthColor.uexp,,71EFCE1B436006413361988B202675B6,Cancel
ConanSandbox/Content/Mods/UIMod_Hosav/UMGColorPicker/UMG/ColorPickerWidget_TargetHealthColor.uexp,,9EC3B94B471C27AEFE5072BE6CA5E84A,G:
ConanSandbox/Content/Mods/UIMod_Hosav/UMGColorPicker/UMG/ColorPickerWidget_TargetHealthColor.uexp,,1C9B5BF74695FC52B947B0A862644767,H:
ConanSandbox/Content/Mods/UIMod_Hosav/UMGColorPicker/UMG/ColorPickerWidget_TargetHealthColor.uexp,,E3CC49AB4D286904356668B3F8A4E5F9,B:
ConanSandbox/Content/Mods/UIMod_Hosav/UMGColorPicker/UMG/ColorPickerWidget_TargetHealthColor.uexp,,606FE29D4D99ABE6F4FA168290264B6A,S:
ConanSandbox/Content/Mods/UIMod_Hosav/UMGColorPicker/UMG/ColorPickerWidget_TargetHealthColor.uexp,,52AFE2574F522FD354341B824E4CFCCC,A:
ConanSandbox/Content/Mods/UIMod_Hosav/UMGColorPicker/UMG/ColorPickerWidget_TargetHealthColor.uexp,,71E1F75D41363826AEE078A154CA3EF5,Hex:
ConanSandbox/Content/Mods/UIMod_Hosav/UMGColorPicker/UMG/ColorPickerWidget_TargetLevelColor.uexp,,EEAC844B47F280444012EC82A428269F,Click to restore old color
ConanSandbox/Content/Mods/UIMod_Hosav/UMGColorPicker/UMG/ColorPickerWidget_TargetLevelColor.uexp,,6BF4005549875E7B183269A8D6014C54,Random Color
ConanSandbox/Content/Mods/UIMod_Hosav/UMGColorPicker/UMG/ColorPickerWidget_TargetLevelColor.uexp,,E874D901440935C7DC8D298C3ADD2410,Target Level Background Color
ConanSandbox/Content/Mods/UIMod_Hosav/UMGColorPicker/UMG/ColorPickerWidget_TargetLevelColor.uexp,,F24C16FB4EB5F285D633B38CB9CCB666,Hexadecimal Value
ConanSandbox/Content/Mods/UIMod_Hosav/UMGColorPicker/UMG/ColorPickerWidget_TargetLevelColor.uexp,,83636CCF4E05558A237D2BA2FC0BEE55,Saturation
ConanSandbox/Content/Mods/UIMod_Hosav/UMGColorPicker/UMG/ColorPickerWidget_TargetLevelColor.uexp,,14F8E1624BA490CDDE757AAA7230E6B8,Value
ConanSandbox/Content/Mods/UIMod_Hosav/UMGColorPicker/UMG/ColorPickerWidget_TargetLevelColor.uexp,,82F4BF9A4CB7F37F2A17CDAEE7CC7ABD,Alpha Channel
ConanSandbox/Content/Mods/UIMod_Hosav/UMGColorPicker/UMG/ColorPickerWidget_TargetLevelColor.uexp,,EB7D397641AE4F61185ABB9D9AC747A4,HUE
ConanSandbox/Content/Mods/UIMod_Hosav/UMGColorPicker/UMG/ColorPickerWidget_TargetLevelColor.uexp,,81B31DD048DBB90F1557668E4C26A4AF,Blue Channel
ConanSandbox/Content/Mods/UIMod_Hosav/UMGColorPicker/UMG/ColorPickerWidget_TargetLevelColor.uexp,,9CA8A3724249076156EB3DB56CB38C9D,Green Channel
ConanSandbox/Content/Mods/UIMod_Hosav/UMGColorPicker/UMG/ColorPickerWidget_TargetLevelColor.uexp,,2E7D8F6F428D77729385F3880102F600,Red Channel
ConanSandbox/Content/Mods/UIMod_Hosav/UMGColorPicker/UMG/ColorPickerWidget_TargetLevelColor.uexp,,522C803B47606031ED616297BC6FC4F5,Saturation
ConanSandbox/Content/Mods/UIMod_Hosav/UMGColorPicker/UMG/ColorPickerWidget_TargetLevelColor.uexp,,837FE6F447200D9A168E898752247120,Value
ConanSandbox/Content/Mods/UIMod_Hosav/UMGColorPicker/UMG/ColorPickerWidget_TargetLevelColor.uexp,,2A9A916C457E0E8DAA46B3911DD68A89,New
ConanSandbox/Content/Mods/UIMod_Hosav/UMGColorPicker/UMG/ColorPickerWidget_TargetLevelColor.uexp,,9A63DA5448910C22A768349669AC980B,Old
ConanSandbox/Content/Mods/UIMod_Hosav/UMGColorPicker/UMG/ColorPickerWidget_TargetLevelColor.uexp,,912B52D94614452B5D8E08BBEF1F5E52,V:
ConanSandbox/Content/Mods/UIMod_Hosav/UMGColorPicker/UMG/ColorPickerWidget_TargetLevelColor.uexp,,CA47313F44D79F7EC65CB2A3A0DD400A,R:
ConanSandbox/Content/Mods/UIMod_Hosav/UMGColorPicker/UMG/ColorPickerWidget_TargetLevelColor.uexp,,ED4D426846563848990D2B84F4AA32E3,Color Picker Mount Endurance Bar
ConanSandbox/Content/Mods/UIMod_Hosav/UMGColorPicker/UMG/ColorPickerWidget_TargetLevelColor.uexp,,EC4017E1494D5DB9AA20F3912D373B7B,OK
ConanSandbox/Content/Mods/UIMod_Hosav/UMGColorPicker/UMG/ColorPickerWidget_TargetLevelColor.uexp,,71EFCE1B436006413361988B202675B6,Cancel
ConanSandbox/Content/Mods/UIMod_Hosav/UMGColorPicker/UMG/ColorPickerWidget_TargetLevelColor.uexp,,9EC3B94B471C27AEFE5072BE6CA5E84A,G:
ConanSandbox/Content/Mods/UIMod_Hosav/UMGColorPicker/UMG/ColorPickerWidget_TargetLevelColor.uexp,,1C9B5BF74695FC52B947B0A862644767,H:
ConanSandbox/Content/Mods/UIMod_Hosav/UMGColorPicker/UMG/ColorPickerWidget_TargetLevelColor.uexp,,E3CC49AB4D286904356668B3F8A4E5F9,B:
ConanSandbox/Content/Mods/UIMod_Hosav/UMGColorPicker/UMG/ColorPickerWidget_TargetLevelColor.uexp,,606FE29D4D99ABE6F4FA168290264B6A,S:
ConanSandbox/Content/Mods/UIMod_Hosav/UMGColorPicker/UMG/ColorPickerWidget_TargetLevelColor.uexp,,52AFE2574F522FD354341B824E4CFCCC,A:
ConanSandbox/Content/Mods/UIMod_Hosav/UMGColorPicker/UMG/ColorPickerWidget_TargetLevelColor.uexp,,71E1F75D41363826AEE078A154CA3EF5,Hex:
ConanSandbox/Content/Mods/UIMod_Hosav/UMGColorPicker/UMG/ColorPickerWidget_TargetTorporColor.uexp,,EEAC844B47F280444012EC82A428269F,Click to restore old color
ConanSandbox/Content/Mods/UIMod_Hosav/UMGColorPicker/UMG/ColorPickerWidget_TargetTorporColor.uexp,,6BF4005549875E7B183269A8D6014C54,Random Color
ConanSandbox/Content/Mods/UIMod_Hosav/UMGColorPicker/UMG/ColorPickerWidget_TargetTorporColor.uexp,,0498395047EE1566E8345DBB6788D22F,Target Consciousness Color
ConanSandbox/Content/Mods/UIMod_Hosav/UMGColorPicker/UMG/ColorPickerWidget_TargetTorporColor.uexp,,F24C16FB4EB5F285D633B38CB9CCB666,Hexadecimal Value
ConanSandbox/Content/Mods/UIMod_Hosav/UMGColorPicker/UMG/ColorPickerWidget_TargetTorporColor.uexp,,83636CCF4E05558A237D2BA2FC0BEE55,Saturation
ConanSandbox/Content/Mods/UIMod_Hosav/UMGColorPicker/UMG/ColorPickerWidget_TargetTorporColor.uexp,,14F8E1624BA490CDDE757AAA7230E6B8,Value
ConanSandbox/Content/Mods/UIMod_Hosav/UMGColorPicker/UMG/ColorPickerWidget_TargetTorporColor.uexp,,82F4BF9A4CB7F37F2A17CDAEE7CC7ABD,Alpha Channel
ConanSandbox/Content/Mods/UIMod_Hosav/UMGColorPicker/UMG/ColorPickerWidget_TargetTorporColor.uexp,,EB7D397641AE4F61185ABB9D9AC747A4,HUE
ConanSandbox/Content/Mods/UIMod_Hosav/UMGColorPicker/UMG/ColorPickerWidget_TargetTorporColor.uexp,,81B31DD048DBB90F1557668E4C26A4AF,Blue Channel
ConanSandbox/Content/Mods/UIMod_Hosav/UMGColorPicker/UMG/ColorPickerWidget_TargetTorporColor.uexp,,9CA8A3724249076156EB3DB56CB38C9D,Green Channel
ConanSandbox/Content/Mods/UIMod_Hosav/UMGColorPicker/UMG/ColorPickerWidget_TargetTorporColor.uexp,,2E7D8F6F428D77729385F3880102F600,Red Channel
ConanSandbox/Content/Mods/UIMod_Hosav/UMGColorPicker/UMG/ColorPickerWidget_TargetTorporColor.uexp,,522C803B47606031ED616297BC6FC4F5,Saturation
ConanSandbox/Content/Mods/UIMod_Hosav/UMGColorPicker/UMG/ColorPickerWidget_TargetTorporColor.uexp,,837FE6F447200D9A168E898752247120,Value
ConanSandbox/Content/Mods/UIMod_Hosav/UMGColorPicker/UMG/ColorPickerWidget_TargetTorporColor.uexp,,2A9A916C457E0E8DAA46B3911DD68A89,New
ConanSandbox/Content/Mods/UIMod_Hosav/UMGColorPicker/UMG/ColorPickerWidget_TargetTorporColor.uexp,,9A63DA5448910C22A768349669AC980B,Old
ConanSandbox/Content/Mods/UIMod_Hosav/UMGColorPicker/UMG/ColorPickerWidget_TargetTorporColor.uexp,,912B52D94614452B5D8E08BBEF1F5E52,V:
ConanSandbox/Content/Mods/UIMod_Hosav/UMGColorPicker/UMG/ColorPickerWidget_TargetTorporColor.uexp,,CA47313F44D79F7EC65CB2A3A0DD400A,R:
ConanSandbox/Content/Mods/UIMod_Hosav/UMGColorPicker/UMG/ColorPickerWidget_TargetTorporColor.uexp,,AFD3D11C40CFCCA39C93299BE480565D,Color Picker Mount Endurance Bar
ConanSandbox/Content/Mods/UIMod_Hosav/UMGColorPicker/UMG/ColorPickerWidget_TargetTorporColor.uexp,,EC4017E1494D5DB9AA20F3912D373B7B,OK
ConanSandbox/Content/Mods/UIMod_Hosav/UMGColorPicker/UMG/ColorPickerWidget_TargetTorporColor.uexp,,71EFCE1B436006413361988B202675B6,Cancel
ConanSandbox/Content/Mods/UIMod_Hosav/UMGColorPicker/UMG/ColorPickerWidget_TargetTorporColor.uexp,,9EC3B94B471C27AEFE5072BE6CA5E84A,G:
ConanSandbox/Content/Mods/UIMod_Hosav/UMGColorPicker/UMG/ColorPickerWidget_TargetTorporColor.uexp,,1C9B5BF74695FC52B947B0A862644767,H:
ConanSandbox/Content/Mods/UIMod_Hosav/UMGColorPicker/UMG/ColorPickerWidget_TargetTorporColor.uexp,,E3CC49AB4D286904356668B3F8A4E5F9,B:
ConanSandbox/Content/Mods/UIMod_Hosav/UMGColorPicker/UMG/ColorPickerWidget_TargetTorporColor.uexp,,606FE29D4D99ABE6F4FA168290264B6A,S:
ConanSandbox/Content/Mods/UIMod_Hosav/UMGColorPicker/UMG/ColorPickerWidget_TargetTorporColor.uexp,,52AFE2574F522FD354341B824E4CFCCC,A:
ConanSandbox/Content/Mods/UIMod_Hosav/UMGColorPicker/UMG/ColorPickerWidget_TargetTorporColor.uexp,,71E1F75D41363826AEE078A154CA3EF5,Hex:
ConanSandbox/Content/Mods/UIMod_Hosav/Vanilla_UI/NewBuff/W_HUD_BuffEntry.uexp,,B73C48F14E948419D833AC911427E7F9,Regain 5 health every 10 seconds
ConanSandbox/Content/Mods/UIMod_Hosav/Vanilla_UI/NewBuff/W_HUD_BuffEntry.uexp,,2BCBDA42467A6FCCB614C2B4D4B82923,999s
ConanSandbox/Content/Mods/UIMod_Hosav/ModController_UI_Hosav.uexp,,9200301E44FF95986A0B7D9CEF1F0C11,"Gamepad Input detected, disabling Minimap to prevent input issues."
ConanSandbox/Content/Mods/UIMod_Hosav/ModController_UI_Hosav.uexp,,EC06FCE145276849ACD4909879B945A7,Add Thrall to Party
ConanSandbox/Content/Mods/UIMod_Hosav/ModController_UI_Hosav.uexp,,043A1F274078918E15E2C2B48EF1F74F,Invite Player To Party
ConanSandbox/Content/Mods/UIMod_Hosav/ModController_UI_Hosav.uexp,,7B7DF1C143E1AD291391289BA732B40D,Remove Thrall from Party 
ConanSandbox/Content/Mods/UIMod_Hosav/ModController_UI_Hosav.uexp,,451CE13B4EF7DF3C1C6A88A48125A750,Remove Player from Party
ConanSandbox/Content/Mods/UIMod_Hosav/W_SmoothHP.uexp,,E66AB202420B6DA9882F7B9602DC6CF9,{percent}% ( {time} ) 
ConanSandbox/Content/Mods/UIMod_Hosav/W_SmoothHP.uexp,,872EFF4D4BBCB3A2A63C75B0E018BB08,{percent}% ( {time} )  
ConanSandbox/Content/Mods/UIMod_Hosav/W_SmoothHP.uexp,,A9028423402520D78BBA7A966F5730FC,{percent}% ( {time} ) 
ConanSandbox/Content/Mods/UIMod_Hosav/W_SmoothHP.uexp,,DAECC32E4D302FEFFA810DA334F45AA1,{percent}% ( {time} ) 
ConanSandbox/Content/Mods/UIMod_Hosav/W_SmoothHP.uexp,,41AD14CD49AE290E872B70B16395A47E,{damage}{suffix1} / {arrmorpen}% / {damagetotal}{suffix2} dps 
ConanSandbox/Content/Mods/UIMod_Hosav/W_SmoothHP.uexp,,CDC6B36047BADDDC06095BA3E4735003,{damage}{suffix1} / {arrmorpen}% / {damagetotal}{suffix2} dps 
ConanSandbox/Content/Mods/UIMod_Hosav/W_SmoothHP.uexp,,CD5B0E184BBCB55C918CAAAD93D36379,{xpCurrent}{suffix1} / {xpMax}{suffix2} ({xpNeeded}{suffix3})
ConanSandbox/Content/Mods/UIMod_Hosav/W_SmoothHP.uexp,,88CCE01348FF72400A1FDEAF6F8C9086,Max
ConanSandbox/Content/Mods/UIMod_Hosav/W_SmoothHP.uexp,,C02B37644B95A36F88EDC2B97C052DC2,{0}%
ConanSandbox/Content/Mods/UIMod_Hosav/W_SmoothHP.uexp,,D347F55D40DF2DA017F1788DE2F6BCE0,{currrentWeight} / {maxWeight} ({percent}%)  
ConanSandbox/Content/Mods/UIMod_Hosav/W_SmoothHP.uexp,,749B29D143D79A29C0398E884959AA93,Light
ConanSandbox/Content/Mods/UIMod_Hosav/W_SmoothHP.uexp,,BB05EFA646F3500342540DAAC85EC01D,{armortype} / {armor}{suffix} / {damagereduction}% dr 
ConanSandbox/Content/Mods/UIMod_Hosav/W_SmoothHP.uexp,,DB7952D841B17CEDC63273806A0CEFBD,Medium
ConanSandbox/Content/Mods/UIMod_Hosav/W_SmoothHP.uexp,,0BB7ED214986587E6633F7B84F54F3CD,Heavy
ConanSandbox/Content/Mods/UIMod_Hosav/W_SmoothHP.uexp,,7A7044DC445F303FA086A8A24D0A2739,Health reduced by {hp} / {percenthp}%
ConanSandbox/Content/Mods/UIMod_Hosav/W_SmoothHP.uexp,,DF30D27E47E69A42F463E2B9444EA3A6,{current} / {max} 
ConanSandbox/Content/Mods/UIMod_Hosav/W_SmoothHP.uexp,,7094140E4EEED1348B64DCB8DFCF4F9C,{current} / {max} 
ConanSandbox/Content/Mods/UIMod_Hosav/W_SmoothHP.uexp,,F245C35D48FFEEB269AB7CA83737D209, {0}% 
ConanSandbox/Content/Mods/UIMod_Hosav/W_SmoothHP.uexp,,A1F018B04AC514FFF8083189036B4904,{0} 
ConanSandbox/Content/Mods/UIMod_Hosav/W_SmoothHP.uexp,,65BA920F4FAAEA8658CE52A44D024E19,{0} ms 
ConanSandbox/Content/Mods/UIMod_Hosav/W_SmoothHP.uexp,,4CE443E741C65FF2F7E6AE8F484F1B66,-200 ms 
ConanSandbox/Content/Mods/UIMod_Hosav/W_SmoothHP.uexp,,6A991DF546639A46CC92E483DC306653, {hour} : {minutes} 
ConanSandbox/Content/Mods/UIMod_Hosav/W_SmoothHP_Horse.uexp,,8753D4C24EA76F988C368AA381AC4AA8,{percent}% ( {time} )
ConanSandbox/Content/Mods/UIMod_Hosav/W_SmoothHP_Horse.uexp,,266E59204F0D132343EEDB95622C29B3,{percent}% ( {time} )
ConanSandbox/Content/Mods/UIMod_Hosav/W_SmoothHP_Horse.uexp,,83E641A84820B421E8F5C685FF1B7084,{percent}% ( {time} )
ConanSandbox/Content/Mods/UIMod_Hosav/W_SmoothHP_Horse.uexp,,5387B3A84377489210C43398804BA031,{percent}% ( {time} )
ConanSandbox/Content/Mods/UIMod_Hosav/W_SmoothHP_Horse.uexp,,BDF5DC7F4DCB0F0B83BE62BE1D90B1C6,{damage} / {arrmorpen}% / {damagetotal} total
ConanSandbox/Content/Mods/UIMod_Hosav/W_SmoothHP_Horse.uexp,,BE1DFA2D48B035125A60ECACE12CB8FF,{damage} / {arrmorpen}% / {damagetotal} total
ConanSandbox/Content/Mods/UIMod_Hosav/W_SmoothHP_Horse.uexp,,AD9F8CE24BE67CAB94D534A98CD23624,{xpCurrent} / {xpNeeded}
ConanSandbox/Content/Mods/UIMod_Hosav/W_SmoothHP_Horse.uexp,,12BE6BE4464FEA2760C56CB7CFC0E7F5,{0}%
ConanSandbox/Content/Mods/UIMod_Hosav/W_SmoothHP_Horse.uexp,,BE1E55E642AB54A7143B6A83768B3C1E,Light
ConanSandbox/Content/Mods/UIMod_Hosav/W_SmoothHP_Horse.uexp,,08DBA3684C64F70EBD675A9A574AB50A,{armortype} / {armor} / {damagereduction}%
ConanSandbox/Content/Mods/UIMod_Hosav/W_SmoothHP_Horse.uexp,,20B00C964C426212A07CB3B0230DF50C,Medium
ConanSandbox/Content/Mods/UIMod_Hosav/W_SmoothHP_Horse.uexp,,E1D63A6C45A4BB0FB7BCF8972CC9AF1D,Heavy
ConanSandbox/Content/Mods/UIMod_Hosav/W_SmoothHP_Horse.uexp,,1FBF4A394BF0100686896D86D0B905E4,Health reduced by {hp} / {percenthp}%
ConanSandbox/Content/Mods/UIMod_Hosav/W_SmoothHP_Horse.uexp,,9246D84547518BE83769268DA3D29782,{current} / {max} 
ConanSandbox/Content/Mods/UIMod_Hosav/W_SmoothHP_Horse.uexp,,28EDCF1849C6A856785A9FBC4C2E8753,{current} / {max} 
ConanSandbox/Content/Mods/UIMod_Hosav/W_UI_ClanMate_HealthAndStamina.uexp,,5C76192E4249CFF466407E9EB94DC1AE, {0} 
ConanSandbox/Content/Mods/UIMod_Hosav/W_UI_ClanMate_HealthAndStamina.uexp,,563851614A44653F208973B2057E9302,DEAD
ConanSandbox/Content/Mods/UIMod_Hosav/W_UI_ClanMate_HealthAndStamina.uexp,,1E60A701482C9B682C032BA028E51441,{0}
ConanSandbox/Content/Mods/UIMod_Hosav/W_UI_TimeIndicator.uexp,,9A704BFC4C1F10AA58B5899B0E9FC5F8,{hour} : {minutes}
ConanSandbox/Content/Mods/UIMod_Hosav/BlueprintLibrary/BPFL_Hosav_UI.uexp,,508EDDAB4FF7A4B1141A3986ABFCA415,k
ConanSandbox/Content/Mods/UIMod_Hosav/BlueprintLibrary/BPFL_Hosav_UI.uexp,,2E34052749EBC0519DACC9AB88FE7A32,m
ConanSandbox/Content/Mods/UIMod_Hosav/BlueprintLibrary/BPFL_Hosav_UI.uexp,,DCCEA41540EE006E34C32DA63662378C,k
ConanSandbox/Content/Mods/UIMod_Hosav/CustomHUD_Elements/InHUD_Healthbar/W_EnemyHealthbar_InHUD.uexp,,6C79C775443133F10D3D90843D073CE6,-{text}
ConanSandbox/Content/Mods/UIMod_Hosav/CustomHUD_Elements/InHUD_Healthbar/W_EnemyHealthbar_InHUD.uexp,,56FC974F47432F7D983910B9F73379F5,{0}%
ConanSandbox/Content/Mods/UIMod_Hosav/CustomHUD_Elements/InHUD_Healthbar/W_EnemyHealthbar_InHUD.uexp,,1F4C9AED46BDED1916FAF2B249673813,{currentHealth}{suffix} / {maxhealth}{suffixMax} ({percentage}%)
ConanSandbox/Content/Mods/UIMod_Hosav/CustomHUD_Elements/InHUD_Healthbar/W_EnemyHealthbar_InHUD.uexp,,C891D51248F8F83F09F96395B94C9993, {0} 
ConanSandbox/Content/Mods/UIMod_Hosav/Kill_XP/W_DamageShown.uexp,,C044DA4F425EB4D971CC6BBAB29D2025,bonus damage
ConanSandbox/Content/Mods/UIMod_Hosav/Kill_XP/W_DamageShown.uexp,,CC802D57479C285658DF6593BBA0894F,damage
ConanSandbox/Content/Mods/UIMod_Hosav/Kill_XP/W_DamageShown.uexp,,7D7121A04276A7BEF85571AC93608312, {0} 
ConanSandbox/Content/Mods/UIMod_Hosav/Kill_XP/W_DamageShown.uexp,,C174A5774D85BD08C03A0983BECEEE69, {0} {dmg} to {1} 
ConanSandbox/Content/Mods/UIMod_Hosav/Kill_XP/W_DamageShown_Log.uexp,,0C258CF04CFC07E80BD2B1B5E7F0C948,bonus damage
ConanSandbox/Content/Mods/UIMod_Hosav/Kill_XP/W_DamageShown_Log.uexp,,7A429A654E055DF847C80CBF2CBE721A,damage
ConanSandbox/Content/Mods/UIMod_Hosav/Kill_XP/W_DamageShown_Log.uexp,,9F8A97474079EE7426F4C3AC622618CD,you
ConanSandbox/Content/Mods/UIMod_Hosav/Kill_XP/W_DamageShown_Log.uexp,,8EC1F92D42A4CC51434EB9ACE1A51316,your Follower
ConanSandbox/Content/Mods/UIMod_Hosav/Kill_XP/W_DamageShown_Log.uexp,,0835D2364949713D39F96CBA5F73C505, {0} 
ConanSandbox/Content/Mods/UIMod_Hosav/Kill_XP/W_DamageShown_Log.uexp,,655F54824F97D33CB60473B0D9358D4E, {0} {dmg} to {1} 
ConanSandbox/Content/Mods/UIMod_Hosav/Kill_XP/W_DamageShown_Thralls.uexp,,65F6C0AF424091E58077FD8A44542CC2,bonus damage
ConanSandbox/Content/Mods/UIMod_Hosav/Kill_XP/W_DamageShown_Thralls.uexp,,C3D6B9634671D91EAA7B8A9847B4BA7A,damage
ConanSandbox/Content/Mods/UIMod_Hosav/Kill_XP/W_DamageShown_Thralls.uexp,,2468C2EC4AD4B8C143D9F89740A2E68E,{0} 
ConanSandbox/Content/Mods/UIMod_Hosav/Kill_XP/W_DamageShown_Thralls.uexp,,2A8059864B1CE37BCA51B7873D8337E6, {0} 
ConanSandbox/Content/Mods/UIMod_Hosav/Kill_XP/W_DamageShown_Thralls.uexp,,25B865264955645F66ED27BD69075DA9, Follower - {0} {damage} to {1} 
ConanSandbox/Content/Mods/UIMod_Hosav/Kill_XP/W_Kill_xp.uexp,,1FA3F02C4E23A92B5AE0D39431DC7B2E,Successfully bound kill xp to player via UI
ConanSandbox/Content/Mods/UIMod_Hosav/Kill_XP/W_Kill_xp.uexp,,DACE4C3C4E4F6A34516D4A81F827732C, +{0} XP 
ConanSandbox/Content/Mods/UIMod_Hosav/Minimap_Elements/W_LocalTime.uexp,,AC61B9604326A3360B6C03AAB19ED4FA, {0} 
ConanSandbox/Content/Mods/UIMod_Hosav/PartySystem/PlayerPartyComponent_UIH.uexp,,B028B2FB477B34FB55069889A799752E,Your follower party is already full
ConanSandbox/Content/Mods/UIMod_Hosav/PartySystem/PlayerPartyComponent_UIH.uexp,,0671236E43B9AE368F2F1E8D4E127B56,Follower party disbanded
ConanSandbox/Content/Mods/UIMod_Hosav/PartySystem/PlayerPartyComponent_UIH.uexp,,401E4F6F414C4CB6AA1EC5AE431144EC,Wait a bit before sending another invite
ConanSandbox/Content/Mods/UIMod_Hosav/PartySystem/PlayerPartyComponent_UIH.uexp,,8479956A42ECB1F3B717A9878B9F2B3A,Admin has not enabled the option to invite any players outside your clan
ConanSandbox/Content/Mods/UIMod_Hosav/PartySystem/PlayerPartyComponent_UIH.uexp,,38AB84A6410343D9438F26A66182EFAD,Player is unavailable
ConanSandbox/Content/Mods/UIMod_Hosav/PartySystem/PlayerPartyComponent_UIH.uexp,,750AB91541D225DA02A39FACAC32BC00,Player party disbanded
ConanSandbox/Content/Mods/UIMod_Hosav/SUPERUI_Backup_ForFuckups/Old.uexp,,1814B7A941EB1F12EF9C53B8004D98AD,{percent}% ( {time} )
ConanSandbox/Content/Mods/UIMod_Hosav/SUPERUI_Backup_ForFuckups/Old.uexp,,42DB42534750BED800BA8794220BDA89,{percent}% ( {time} )
ConanSandbox/Content/Mods/UIMod_Hosav/SUPERUI_Backup_ForFuckups/Old.uexp,,E8A3B4CF4B23D83FABC12685D897AF22,{percent}% ( {time} )
ConanSandbox/Content/Mods/UIMod_Hosav/SUPERUI_Backup_ForFuckups/Old.uexp,,90A5A66C479A4C088A3C2E8C848A25BD,{percent}% ( {time} )
ConanSandbox/Content/Mods/UIMod_Hosav/SUPERUI_Backup_ForFuckups/Old.uexp,,2E8B783842FFB5D56094948F81E64567,{damage} / {arrmorpen}% / {damagetotal} total
ConanSandbox/Content/Mods/UIMod_Hosav/SUPERUI_Backup_ForFuckups/Old.uexp,,660B0037454059D53C4454BBE30C3471,{damage} / {arrmorpen}% / {damagetotal} total
ConanSandbox/Content/Mods/UIMod_Hosav/SUPERUI_Backup_ForFuckups/Old.uexp,,1EED37C2407A3E49E6567DB39E7781D2,{xpCurrent} / {xpNeeded}
ConanSandbox/Content/Mods/UIMod_Hosav/SUPERUI_Backup_ForFuckups/Old.uexp,,26EEFD30482D78586D46FFACBBA4D771,{0}%
ConanSandbox/Content/Mods/UIMod_Hosav/SUPERUI_Backup_ForFuckups/Old.uexp,,DBDE244D4A9CB1A33F488D96DDA664D6,{currrentWeight} / {maxWeight} ({percent}%)
ConanSandbox/Content/Mods/UIMod_Hosav/SUPERUI_Backup_ForFuckups/Old.uexp,,9FFC9C9A4F5069A3E6527A98514AE65F,Light
ConanSandbox/Content/Mods/UIMod_Hosav/SUPERUI_Backup_ForFuckups/Old.uexp,,5FCDD43B4035E7B3D88DC9AA90F78D14,{armortype} / {armor} / {damagereduction}%
ConanSandbox/Content/Mods/UIMod_Hosav/SUPERUI_Backup_ForFuckups/Old.uexp,,546426D54DDF1F2F839AACB596074989,Medium
ConanSandbox/Content/Mods/UIMod_Hosav/SUPERUI_Backup_ForFuckups/Old.uexp,,675273A649E6834CDD3BC7A04D165E7E,Heavy
ConanSandbox/Content/Mods/UIMod_Hosav/SUPERUI_Backup_ForFuckups/Old.uexp,,51ED0C1646B009CB8DC35595F662E4A1,Health reduced by {hp} / {percenthp}%
ConanSandbox/Content/Mods/UIMod_Hosav/SUPERUI_Backup_ForFuckups/Old.uexp,,B3E8DB6047F5EBCC480B88BB82E4E896,{current} / {max}
ConanSandbox/Content/Mods/UIMod_Hosav/SUPERUI_Backup_ForFuckups/Old.uexp,,A3A11969406DA408FC4BE4AC4C13167C,{current} / {max}
ConanSandbox/Content/Mods/UIMod_Hosav/SUPERUI_Backup_ForFuckups/W_SmoothHP.uexp,,B9E205CF49B8D470216F05A9EEEBD9B0,{percent}% ( {time} )
ConanSandbox/Content/Mods/UIMod_Hosav/SUPERUI_Backup_ForFuckups/W_SmoothHP.uexp,,79FBDB144D879463C63217900079A6E7,{percent}% ( {time} )
ConanSandbox/Content/Mods/UIMod_Hosav/SUPERUI_Backup_ForFuckups/W_SmoothHP.uexp,,6F607C5E4173144E1A5371A5D1218362,{percent}% ( {time} )
ConanSandbox/Content/Mods/UIMod_Hosav/SUPERUI_Backup_ForFuckups/W_SmoothHP.uexp,,6A6D9D1A4EA36219C2CAE593D2AFFE21,{percent}% ( {time} )
ConanSandbox/Content/Mods/UIMod_Hosav/SUPERUI_Backup_ForFuckups/W_SmoothHP.uexp,,71A0935E430344146D9339B87B4E8143,{damage}{suffix1} / {arrmorpen}% / {damagetotal}{suffix2} total
ConanSandbox/Content/Mods/UIMod_Hosav/SUPERUI_Backup_ForFuckups/W_SmoothHP.uexp,,AC3B01E544BB8E1EBDF56F96B75363E8,{damage}{suffix1} / {arrmorpen}% / {damagetotal}{suffix2} total
ConanSandbox/Content/Mods/UIMod_Hosav/SUPERUI_Backup_ForFuckups/W_SmoothHP.uexp,,E0E981E446C9DEFFD39C33A7BD85A14C,{xpCurrent}{suffix1} / {xpNeeded}{suffix2}
ConanSandbox/Content/Mods/UIMod_Hosav/SUPERUI_Backup_ForFuckups/W_SmoothHP.uexp,,608BF63346B3E0BAE005008427B61E4B,{0}%
ConanSandbox/Content/Mods/UIMod_Hosav/SUPERUI_Backup_ForFuckups/W_SmoothHP.uexp,,810862EC42FB7165D180FCB9292B3BA7,{currrentWeight} / {maxWeight} ({percent}%)
ConanSandbox/Content/Mods/UIMod_Hosav/SUPERUI_Backup_ForFuckups/W_SmoothHP.uexp,,081876874E78853F831684A9F7EBE6BF,Light
ConanSandbox/Content/Mods/UIMod_Hosav/SUPERUI_Backup_ForFuckups/W_SmoothHP.uexp,,9FFEC359417F49541B9DA1A0CA4D27C1,{armortype} / {armor}{suffix} / {damagereduction}%
ConanSandbox/Content/Mods/UIMod_Hosav/SUPERUI_Backup_ForFuckups/W_SmoothHP.uexp,,693F9FB548A64F0EF5703A950B452C3B,Medium
ConanSandbox/Content/Mods/UIMod_Hosav/SUPERUI_Backup_ForFuckups/W_SmoothHP.uexp,,D90DB6614D249AC964DEB9AB8E66E0B8,Heavy
ConanSandbox/Content/Mods/UIMod_Hosav/SUPERUI_Backup_ForFuckups/W_SmoothHP.uexp,,69C1A9494A72D364DDE50C9E912CB8E6,Health reduced by {hp} / {percenthp}%
ConanSandbox/Content/Mods/UIMod_Hosav/SUPERUI_Backup_ForFuckups/W_SmoothHP.uexp,,217A9BD543EA93C50301038843FBB82A,{current} / {max}
ConanSandbox/Content/Mods/UIMod_Hosav/SUPERUI_Backup_ForFuckups/W_SmoothHP.uexp,,8A53131146024C5316371DBE7246C2D0,{current} / {max}
ConanSandbox/Content/Mods/UIMod_Hosav/SUPERUI_Backup_ForFuckups/W_SmoothHP.uexp,,554DE5BE455EBAC34EDC969BA757E149,{0} 
ConanSandbox/Content/Mods/UIMod_Hosav/SUPERUI_Backup_ForFuckups/W_SmoothHP.uexp,,16A75B0743ADAD1F89B7F8AB03AA8888,Could not get PlayerCount! GetSharedDebugInfo is None
ConanSandbox/Content/Mods/UIMod_Hosav/SUPERUI_Backup_ForFuckups/W_SmoothHP.uexp,,B5519D0D42C48CDECAD70EA65BC77A3B,{0} 
ConanSandbox/Content/Mods/UIMod_Hosav/SUPERUI_Backup_ForFuckups/W_SmoothHP.uexp,,63D5136E4FF4D3E6A8AA2AB99A915FE1, --
ConanSandbox/Content/Mods/UIMod_Hosav/SUPERUI_Backup_ForFuckups/W_SmoothHP.uexp,,548676DA47040D4BBBB44E8BABA2CE85,{0} ms 
ConanSandbox/Content/Mods/UIMod_Hosav/SUPERUI_Backup_ForFuckups/W_SmoothHP.uexp,,C4578B01456C409D930CF8946F8B9750,-200 ms 
ConanSandbox/Content/Mods/UIMod_Hosav/SUPERUI_Backup_ForFuckups/W_SmoothHP.uexp,,C225F7264DE7F8CF4FF9B2B31DB7398B,0
ConanSandbox/Content/Mods/UIMod_Hosav/SUPERUI_Backup_ForFuckups/W_SmoothHP.uexp,,A9153C61420D453B776204B49D373824,0
ConanSandbox/Content/Mods/UIMod_Hosav/SUPERUI_Backup_ForFuckups/W_SmoothHP.uexp,,7A0003B54FE18DF804AD289A98CC22F7, {1}{hour} : {0}{minutes}  
ConanSandbox/Content/Mods/UIMod_Hosav/SUPERUI_Backup_ForFuckups/W_SmoothHP_Horse.uexp,,669A973747E822C40E1444B23CFF466B,{percent}% ( {time} )
ConanSandbox/Content/Mods/UIMod_Hosav/SUPERUI_Backup_ForFuckups/W_SmoothHP_Horse.uexp,,AA82648447795879EA477C9943754652,{percent}% ( {time} )
ConanSandbox/Content/Mods/UIMod_Hosav/SUPERUI_Backup_ForFuckups/W_SmoothHP_Horse.uexp,,16C501B9423C9C10A18628982F5D97FB,{percent}% ( {time} )
ConanSandbox/Content/Mods/UIMod_Hosav/SUPERUI_Backup_ForFuckups/W_SmoothHP_Horse.uexp,,F671F7624ACC4FF0E73894ADCB78B8F8,{percent}% ( {time} )
ConanSandbox/Content/Mods/UIMod_Hosav/SUPERUI_Backup_ForFuckups/W_SmoothHP_Horse.uexp,,E44FD1FE4F392AAF3B7C2491EB21FB01,{damage} / {arrmorpen}% / {damagetotal} total
ConanSandbox/Content/Mods/UIMod_Hosav/SUPERUI_Backup_ForFuckups/W_SmoothHP_Horse.uexp,,44FC423D4DEBA92BDBD47D8CFCF8C60C,{damage} / {arrmorpen}% / {damagetotal} total
ConanSandbox/Content/Mods/UIMod_Hosav/SUPERUI_Backup_ForFuckups/W_SmoothHP_Horse.uexp,,85BDF0BA4FA27C5DFF2D2B9A448646C4,{xpCurrent} / {xpNeeded}
ConanSandbox/Content/Mods/UIMod_Hosav/SUPERUI_Backup_ForFuckups/W_SmoothHP_Horse.uexp,,0B54D3484A2BE2E6C3A83FBA3B4C2988,{0}%
ConanSandbox/Content/Mods/UIMod_Hosav/SUPERUI_Backup_ForFuckups/W_SmoothHP_Horse.uexp,,61E3A2C045F330935734ACB1F056D7AE,Light
ConanSandbox/Content/Mods/UIMod_Hosav/SUPERUI_Backup_ForFuckups/W_SmoothHP_Horse.uexp,,26298B464E0CD0D0288C1F9E8CFFF470,{armortype} / {armor} / {damagereduction}%
ConanSandbox/Content/Mods/UIMod_Hosav/SUPERUI_Backup_ForFuckups/W_SmoothHP_Horse.uexp,,1EFB08DF43946E6C02150DA0FDCAFC4B,Medium
ConanSandbox/Content/Mods/UIMod_Hosav/SUPERUI_Backup_ForFuckups/W_SmoothHP_Horse.uexp,,9947024440D760C292CD70BB6F6AD9EE,Heavy
ConanSandbox/Content/Mods/UIMod_Hosav/SUPERUI_Backup_ForFuckups/W_SmoothHP_Horse.uexp,,8FC211FE4AF25D06AC86998BD9CF72DA,Health reduced by {hp} / {percenthp}%
ConanSandbox/Content/Mods/UIMod_Hosav/SUPERUI_Backup_ForFuckups/W_SmoothHP_Horse.uexp,,915BAD8F49091986302439BC5AF7F204,{current} / {max}
ConanSandbox/Content/Mods/UIMod_Hosav/SUPERUI_Backup_ForFuckups/W_SmoothHP_Horse.uexp,,F75D58714C210EA7299CEA89681D94E5,{current} / {max}
ConanSandbox/Content/Mods/UIMod_Hosav/UI/W_EnemyHealthbar_Test.uexp,,3D0DCFE2493DB5F9AD2116ADA2CE9010,{currentHealth}{suffix} / {maxhealth}{suffixMax} ({percentage}%)
ConanSandbox/Content/Mods/UIMod_Hosav/UI/W_EnemyHealthbar_Test.uexp,,54B132664260AB33F3A89F8B0AA04BE6,{level}
ConanSandbox/Content/Mods/UIMod_Hosav/UI_Exported/W_ExampleWidget_User.uexp,,93EC4B3A41C14C7F47288A96330F16A7,{0}%
ConanSandbox/Content/Mods/UIMod_Hosav/UI_Exported/W_ExampleWidget_User.uexp,,E50E349E466DB0C4B6A5B8912E6BCEF2,HealthCustomColor is {bool}
ConanSandbox/Content/Mods/UIMod_Hosav/UI_Exported/W_PopupDamage.uexp,,2F6E191742D0C2718A233C97E35F10EB,{0}
ConanSandbox/Content/Mods/UIMod_Hosav/UI_Exported/W_PopupDamage.uexp,,749AF49543A1525F70376597B97012D8,{0}!
ConanSandbox/Content/Mods/UIMod_Hosav/UI_Exported/W_PopupDamage.uexp,,625A0FE84E5796B0EDF874867B9CA0F2,{0}  
ConanSandbox/Content/Mods/UIMod_Hosav/Vanilla_UI/W_TestHudOverlay.uexp,,DBB0C2EB4B9BCC9B7660A680DBD4DA57,{current} / {max}
ConanSandbox/Content/Mods/UIMod_Hosav/Vanilla_UI/ImplementSmoothHP/W_SmoothHP_TestImplementation.uexp,,877B4A7A496C0A77B58C70910D228C26,{current} / {Max}
ConanSandbox/Content/Mods/UIMod_Hosav/Vanilla_UI/NewBuff/W_HUD_BuffEntry.uexp,,2424E31C47B54FDC092B0B9E604E2357,{BuffDesc}
ConanSandbox/Content/Mods/UIMod_Hosav/Vanilla_UI/NewBuff/W_HUD_BuffEntry.uexp,,8429DEA640101F82B880B5B11987F028,{BuffDurationMin}
ConanSandbox/Content/Mods/UIMod_Hosav/Vanilla_UI/NewBuff/W_HUD_BuffEntry.uexp,,87B4A7C945CF65001C7D80B44F492AA5,{BuffDuration}s
